id,assignment_id,student,owner_id,helped_fix,improved_understanding,comment,first_score,final_score,attempt_count,improvement,created_at
1,1,name1,1,2,1,,0.314286,1,10,0.6857139999999999,2025-01-08 08:52:45.937841+00
2,1,name2,1,5,4,"Its a nice grading system! Maybe making the mistakes made tab, a bit bigger and more clear.",0.314286,1,3,0.6857139999999999,2025-01-08 10:06:17.234412+00
3,1,name3,1,4,4,,0.057143,1,4,0.9428570000000001,2025-01-08 11:11:04.761419+00
4,1,name4,1,3,3,,1,1,3,0,2025-01-08 13:45:58.007238+00
5,1,name5,1,5,3,,0.314286,1,2,0.6857139999999999,2025-01-08 14:15:57.702227+00
6,1,name6,1,4,3,,0.314286,1,3,0.6857139999999999,2025-01-08 15:51:47.198670+00
7,1,name7,1,2,3,,1,1,2,0,2025-01-09 06:12:30.978423+00
8,1,name8,1,2,2,,0.428571,0.428571,4,0,2025-01-09 06:59:13.167907+00
9,1,name9,1,4,4,,,0,0,,2025-01-09 07:20:05.334962+00
10,1,name10,1,3,3,,,0.057143,0,,2025-01-09 07:27:54.580666+00
11,1,name11,1,5,4,,0.314286,1,3,0.6857139999999999,2025-01-09 07:40:52.111083+00
12,1,name12,1,4,4,,0.485714,1,2,0.514286,2025-01-09 07:41:09.936650+00
13,1,name13,1,5,5,,0.314286,1,7,0.6857139999999999,2025-01-09 08:03:22.016901+00
14,1,name14,1,5,5,,0,1,3,1,2025-01-09 08:04:18.866385+00
15,1,name15,1,4,2,,0,1,4,1,2025-01-09 08:10:22.383512+00
16,1,name16,1,5,5,,0.057143,1,3,0.9428570000000001,2025-01-09 08:21:14.514778+00
17,1,name17,1,4,4,,0,1,7,1,2025-01-09 08:22:04.503578+00
18,1,name18,1,1,1,,0,0,2,0,2025-01-09 08:22:36.420072+00
19,1,name19,1,4,2,,0.371429,1,7,0.628571,2025-01-09 08:23:26.917607+00
20,1,name20,1,4,4,,1,1,1,0,2025-01-09 08:24:31.708234+00
21,1,name21,1,2,2,,0.314286,0.314286,10,0,2025-01-09 08:25:04.748747+00
22,1,name22,1,1,1,"The feedback was not useful, why do we only get 10 attempts and why do we not get to see our output",0,1,7,1,2025-01-09 08:26:45.528629+00
23,1,name23,1,4,3,,0.428571,1,2,0.571429,2025-01-09 08:29:56.545963+00
24,1,name24,1,4,5,,0.314286,1,6,0.6857139999999999,2025-01-09 08:30:14.903836+00
25,1,name25,1,1,1,,,1,0,,2025-01-09 08:37:07.255806+00
26,1,name26,1,3,3,"quite clear, only the AND I had to ask.",0.371429,1,5,0.628571,2025-01-09 08:38:13.804441+00
27,1,name27,1,5,3,,0.371429,1,7,0.628571,2025-01-09 08:38:44.426195+00
28,1,name28,1,5,5,,0.314286,1,3,0.6857139999999999,2025-01-09 08:42:14.690068+00
29,1,name29,1,3,3,,0.314286,1,4,0.6857139999999999,2025-01-09 08:49:00.332566+00
30,1,name30,1,5,5,,0.428571,1,4,0.571429,2025-01-09 08:56:44.798450+00
31,1,name31,1,3,2,,0,0.485714,8,0.485714,2025-01-09 09:02:30.916488+00
32,1,name32,1,4,4,,0.314286,1,3,0.6857139999999999,2025-01-09 09:04:52.244137+00
33,1,name33,1,5,5,I like it,0,1,6,1,2025-01-09 09:12:56.044401+00
34,1,name34,1,4,4,,0,1,3,1,2025-01-09 09:12:58.883303+00
35,1,name35,1,5,5,,0.428571,1,2,0.571429,2025-01-09 09:28:41.309989+00
36,1,name36,1,4,4,,0,1,5,1,2025-01-09 09:51:13.929582+00
37,1,name37,1,4,2,,0.314286,1,6,0.6857139999999999,2025-01-09 10:06:56.074423+00
38,1,name38,1,3,3,,1,1,2,0,2025-01-09 11:36:42.715110+00
39,1,name39,1,4,4,"trying different queries in duckdb and using the info of the lecture powerpoint helped a lot 
",0.057143,1,6,0.9428570000000001,2025-01-09 11:53:27.801443+00
40,1,name40,1,4,3,,0.371429,1,3,0.628571,2025-01-09 11:54:43.686906+00
41,1,name41,1,1,1,.,1,1,2,0,2025-01-09 12:05:21.752187+00
42,1,name42,1,5,5,,,0,0,,2025-01-09 12:54:09.143082+00
43,1,name43,1,3,3,,0.485714,1,2,0.514286,2025-01-09 13:16:49.621518+00
44,1,name44,1,1,1,,0.885714,1,6,0.114286,2025-01-09 14:00:27.653503+00
45,1,name45,1,1,1,I did not understand the automated feedback,0.057143,0.057143,10,0,2025-01-09 14:04:24.394770+00
46,1,name46,1,4,2,,0.314286,1,7,0.6857139999999999,2025-01-09 14:12:35.243140+00
47,1,name47,1,4,4,,0,1,8,1,2025-01-09 14:39:29.113412+00
48,1,name48,1,3,3,,0.428571,1,7,0.571429,2025-01-09 15:29:11.191554+00
49,1,name49,1,5,5,,0.057143,1,6,0.9428570000000001,2025-01-09 16:40:48.771119+00
50,1,name50,1,5,5,,0.314286,1,4,0.6857139999999999,2025-01-09 17:39:30.186746+00
51,1,name51,1,5,5,,0.057143,1,4,0.9428570000000001,2025-01-09 23:10:35.440963+00
52,1,name52,1,5,5,,0.057143,1,4,0.9428570000000001,2025-01-10 05:51:09.162572+00
53,1,name53,1,5,5,,0.885714,1,4,0.114286,2025-01-10 07:25:45.847398+00
54,1,name54,1,1,3,"At the end, the feedback was basically ""the WHERE clause is wrong"", which was not very useful, especially since I believed I had  the right answer.",0.371429,0.485714,2,0.11428499999999997,2025-01-10 08:42:48.510103+00
55,1,name55,1,5,5,,0.371429,1,3,0.628571,2025-01-10 09:24:36.158533+00
56,1,name56,1,3,3,,0.971429,1,2,0.028571000000000013,2025-01-10 10:10:14.033407+00
57,1,name57,1,3,1,"Already knew how SQL worked (to a degree), just made a silly error ",0.428571,1,2,0.571429,2025-01-10 10:29:37.099744+00
58,1,name58,1,3,4,,0.057143,1,3,0.9428570000000001,2025-01-10 10:36:41.604995+00
59,1,name59,1,5,4,,0.428571,1,2,0.571429,2025-01-10 10:41:29.379702+00
60,1,name60,1,5,3,,0.428571,1,2,0.571429,2025-01-10 11:01:06.542919+00
61,1,name61,1,3,3,,,0.371429,0,,2025-01-10 11:24:36.888261+00
62,1,name62,1,5,5,Really nice!,0.428571,1,2,0.571429,2025-01-10 12:23:55.962662+00
63,1,name63,1,2,4,,0.371429,1,6,0.628571,2025-01-10 12:24:32.892998+00
64,1,name64,1,4,2,,0.314286,1,3,0.6857139999999999,2025-01-10 12:49:49.607056+00
65,1,name65,1,4,4,,0.057143,1,7,0.9428570000000001,2025-01-10 13:06:53.160946+00
66,1,name66,1,4,4,,0.428571,1,2,0.571429,2025-01-10 13:14:58.005867+00
67,1,name67,1,3,4,,0.314286,0.885714,3,0.571428,2025-01-10 13:15:03.840491+00
68,1,name68,1,5,4,,0.885714,1,5,0.114286,2025-01-10 13:29:03.698018+00
69,1,name69,1,1,1,"The Run function did not really help improve, I did not really get what I was doing so it ran the copied schema many times without saying that the code was the exact same.

I confess that it is dumb on my side, but it would be nice that the RUN function only works when the code that was ran before has been changed.

Now I submited my code with a grade of 0% because it could not run my final code.",0,0,10,0,2025-01-10 13:32:01.521179+00
70,1,name70,1,5,5,,1,1,2,0,2025-01-10 13:39:24.093886+00
71,1,name71,1,4,1,,0,1,2,1,2025-01-10 14:02:24.947716+00
72,1,name72,1,3,4,,0.885714,0.885714,1,0,2025-01-10 14:30:30.430576+00
73,1,name73,1,3,2,,0.885714,1,3,0.114286,2025-01-10 14:50:06.607986+00
74,1,name74,1,5,4,,0.285714,1,3,0.714286,2025-01-10 15:19:14.491231+00
75,1,name75,1,4,2,"I feel like the JOIN Statement, that I used first was correct, However I might be wrong. ",0.057143,1,2,0.9428570000000001,2025-01-10 17:25:40.548404+00
76,1,name76,1,3,3,,0.057143,1,2,0.9428570000000001,2025-01-10 17:58:47.581003+00
77,1,name77,1,5,5,,0.314286,1,10,0.6857139999999999,2025-01-10 18:01:50.429891+00
78,1,name78,1,3,3,"SELECT Theme.theme_id, Theme.name 
FROM Theme, Teacher 
WHERE Theme.teacher_id = Teacher.teacher_id 
AND Teacher.name = 'Djoerd Hiemstra';

I have not seen beforehand that we have 10 attempts only and that was not explicitly said also before completing exercise. So, this is correct code.",0,0.428571,10,0.428571,2025-01-10 18:04:12.707934+00
79,1,name79,1,4,4,,0.057143,1,4,0.9428570000000001,2025-01-10 18:12:39.374847+00
80,1,name80,1,4,4,,0.314286,1,4,0.6857139999999999,2025-01-10 18:46:01.972410+00
81,1,name81,1,4,4,,0.057143,1,3,0.9428570000000001,2025-01-10 19:20:22.926131+00
82,1,name82,1,3,3,,0.314286,1,4,0.6857139999999999,2025-01-10 19:22:34.816205+00
83,1,name83,1,4,4,,0.314286,1,8,0.6857139999999999,2025-01-10 20:35:12.282465+00
84,1,name84,1,1,2,,1,1,2,0,2025-01-11 09:25:58.490802+00
85,1,name85,1,3,3,,,1,0,,2025-01-11 17:15:24.291994+00
86,1,name86,1,4,4,"Apologies for the late submission, I had trouble with socoles and assumed it was a global thing that would be fixed so I put it off, but then I realized just now that it works if you use EduVPN. Also, I do not really know how to grade the automated feedback because I didn't use it? I know how to do this question, no need to iterate on my answer.",1,1,3,0,2025-01-12 19:30:17.988961+00
87,1,name87,1,4,4,,0.485714,1,4,0.514286,2025-01-13 10:32:32.859322+00
88,1,name88,1,5,5,,0.314286,1,4,0.6857139999999999,2025-01-13 11:39:14.287428+00
89,1,name89,1,2,2,,1,1,2,0,2025-01-13 14:46:33.149470+00
90,1,name90,1,4,3,,0.885714,1,2,0.114286,2025-01-14 07:37:48.528755+00
91,1,name91,1,2,2,,0.428571,1,4,0.571429,2025-01-14 08:36:00.642795+00
92,1,name92,1,3,4,,0.057143,1,5,0.9428570000000001,2025-01-14 10:05:57.006369+00
93,1,name93,1,3,3,,0.314286,0,10,-0.314286,2025-01-14 11:22:50.665001+00
94,1,name94,1,4,2,,0.428571,1,2,0.571429,2025-01-14 13:46:12.612116+00
95,1,name95,1,3,3,,0.057143,1,6,0.9428570000000001,2025-01-14 16:41:59.293967+00
96,2,name95,1,3,3,,0.6114286,0.8857142,14,0.2742856,2025-01-14 17:10:05.240706+00
97,1,name96,1,4,4,,0.057143,1,6,0.9428570000000001,2025-01-14 22:13:41.555856+00
98,2,name6,1,2,2,,0.20000020000000002,1,16,0.7999997999999999,2025-01-14 22:35:48.516153+00
99,2,name1,1,2,2,,0.8971427999999999,1,6,0.10285720000000009,2025-01-15 07:41:29.456942+00
100,2,name17,1,3,4,"On the last question I feel like i had the correct answer but socoles said it was wrong, and even if i changed it to what socoles wanted it still said it was wrong. Im not really sure what the answer should be now.",0.6228572,0.8857142,11,0.262857,2025-01-15 07:47:45.268092+00
101,1,name97,1,2,2,,0.371429,0.057143,2,-0.314286,2025-01-15 09:36:13.380202+00
102,1,name98,1,2,3,"The feedback is too generic and I did not see that there was a submit button, whoops....",0,1,5,1,2025-01-15 09:52:38.734958+00
103,2,name97,1,4,4,,0.382857,1,18,0.617143,2025-01-15 10:15:25.882481+00
104,2,name55,1,2,2,It does not recognise spelling mistakes and gets convinced other stuff is wrong when it isn't.,0.76,1,13,0.24,2025-01-15 10:18:54.587479+00
105,2,name43,1,3,3,,0.6457141999999999,1,8,0.3542858000000001,2025-01-15 11:42:54.269582+00
106,2,name99,1,4,4,,0.6228572,1,7,0.3771428,2025-01-15 11:56:26.182342+00
107,2,name45,1,1,1,"The automated feedback expects one specific answer. When you give another answer that is also right it says its wrong. Also, the autograder does not werk when you write an answer that is not parseable:

""The query is not parseable. Therefore, the semantics could not be verified.
""


At least for me, when I got a 'parseable' query I was already very close to the answer and did not need feedback anymore. I switched to a style where I write parseable queries all the time and then try to use the feedback, but it does not give a lot of hints (except for what your SELECT statement should be. Doing: SELECT * From (any table in the schema) gives you feedback and tells you exactly what your SELECT should be. But that kind of feels like 'cheesing' the system to quickly find out what the SELECT should be before moving on.",0.0914286,1,33,0.9085714,2025-01-15 12:55:36.835313+00
108,1,name100,1,5,5,,0.314286,1,3,0.6857139999999999,2025-01-15 13:45:56.267702+00
109,2,name100,1,2,2,"In question 4 the RADB query does not seem to match the SQL query.  When running my own query it failed, while it gave the exact same response as the RADB one. I used the automated feedback to make some changes, but it took very long since there was no way to verify if my query was correct.

In some of the questions the phrasing was a bit off? I had a hard time understanding what data to return (e.g., only band member, or also their role, or just everything?).

Thank you for reading my feedback :)",0.4742858,1,14,0.5257142,2025-01-15 14:30:16.348930+00
110,2,name101,1,1,1,"The autograder feels like a chatgpt reskin, which is not what I would want as a student. 
Furthermore, it does not compare the output from the query to the desired output, but it compares the provided query to the model query. 
Lastly, we do not have any experience in SQL, some of these queries are far more difficult than can be expected from us at this time (I am assuming that after week 3, in which we get an SQL lecture we will be more knowledgeable).",0.36,1,12,0.64,2025-01-15 14:32:14.307668+00
111,2,name102,1,3,2,,0.76,1,10,0.24,2025-01-15 15:43:08.274904+00
112,2,name36,1,5,5,,0.6685711999999999,1,9,0.3314288000000001,2025-01-15 17:52:38.849639+00
113,2,name42,1,5,5,,0.4514286,1,23,0.5485713999999999,2025-01-15 18:16:09.916106+00
114,2,name2,1,2,3,,0.11999999999999997,0.8628572,17,0.7428572,2025-01-15 18:21:35.937901+00
115,2,name15,1,4,3,,0.8857142,1,9,0.11428579999999999,2025-01-15 19:49:23.368806+00
116,2,name11,1,4,3,,0.5314284,1,11,0.4685716,2025-01-16 03:05:20.267179+00
117,2,name103,1,5,5,,0.40000020000000003,1,12,0.5999998,2025-01-16 05:52:21.878204+00
118,2,name104,1,3,3,"I think the answers to questions 4 and 5 are not correct.
Question 4 asks for the natural join, which means you have to use the DISTINCT keyword after the SELECT keyword, otherwise the attribute 'artist_id' will be duplicated.
In question 5, in the WHERE clause, it should be
Track.album_id = Track2.album_id2
instead of 
Track.album_id = Track.album_id, which is a tautology.",0.3714286,1,13,0.6285714,2025-01-16 06:01:05.373031+00
119,2,name7,1,3,3,,0.36,1,14,0.64,2025-01-16 06:26:04.176621+00
120,2,name105,1,4,4,It is hard to notice when you typed one letter incorrectly (Making spelling mistakes). For example the last question Graffiti and Grafiti ,0.537143,1,15,0.46285699999999996,2025-01-16 07:18:27.436862+00
121,1,name106,1,3,2,,0.485714,1,2,0.514286,2025-01-16 07:53:32.104918+00
122,1,name107,1,2,1,,0.428571,1,2,0.571429,2025-01-16 07:55:24.300141+00
123,1,name108,1,4,4,,0.314286,1,8,0.6857139999999999,2025-01-16 07:59:27.995002+00
124,1,name109,1,3,3,,0,1,8,1,2025-01-16 08:00:37.769277+00
125,1,name110,1,3,3,,0.428571,1,5,0.571429,2025-01-16 08:02:57.307967+00
126,2,name8,1,3,1,,0.6114286,0.8857142,8,0.2742856,2025-01-16 08:05:01.973195+00
127,2,name31,1,4,4,,0.5257144,1,11,0.4742856,2025-01-16 08:06:21.032556+00
128,1,name111,1,2,2,,0,1,6,1,2025-01-16 08:09:10.544774+00
129,1,name112,1,3,3,,0.314286,1,3,0.6857139999999999,2025-01-16 08:12:41.400285+00
130,2,name98,1,4,4,"The space in OverpassGraffiti was not clearly shown, also it does not actually check for the semicolon "";"", when grading.
I would also like to point out, that when the program is grading, it always stays stuck on 43% correct, even when you just made a small mistake. 
Also it cannot comprehent spelling errors.",0.46857119999999997,1,13,0.5314288,2025-01-16 08:14:48.979972+00
131,1,name113,1,4,3,,0.057143,1,4,0.9428570000000001,2025-01-16 08:17:32.198363+00
132,2,name20,1,4,4,,0.582857,1,9,0.41714300000000004,2025-01-16 08:20:01.549836+00
133,2,name10,1,3,3,,0.4228572,1,22,0.5771428000000001,2025-01-16 08:28:35.060011+00
134,2,name108,1,4,4,,0.6799999999999999,1,8,0.32000000000000006,2025-01-16 08:29:02.221433+00
135,2,name19,1,1,1,,0.6857141999999999,1,11,0.31428580000000006,2025-01-16 08:29:32.640211+00
136,2,name114,1,5,5,,0.8857142,1,7,0.11428579999999999,2025-01-16 13:00:43.305118+00
137,2,name115,1,4,5,one thing to add in the last exercise we had to compare a duplicate but the answer sad to compare Track.album_id = Track.album_id which should have been Track.album_id = Track2.album_id2,0.2114286,1,20,0.7885714,2025-01-16 08:31:50.633322+00
138,2,name87,1,4,4,,0.6228572,1,7,0.3771428,2025-01-16 08:40:01.944938+00
139,2,name116,1,1,1,cruddy software,0.6628572,1,13,0.33714279999999996,2025-01-16 08:40:20.743105+00
140,2,name112,1,3,3,,0.3885714,1,15,0.6114286,2025-01-16 08:41:52.638306+00
141,2,name94,1,2,1,"Nested SELECT statements are not supported.
For example, for question 5, the following SQL query would give the exact same result as the ""expected"" answer, but instead shows a parse error in SOPHOCLES:
```
SELECT track_title
FROM Track, (
  SELECT album_id AS album_id2
  FROM Track
  WHERE track_title = 'Overpass Graffiti'
)
WHERE album_id = album_id2;
```",0.582857,1,8,0.41714300000000004,2025-01-16 08:47:02.872702+00
142,1,name117,1,4,4,did not click submit,0.314286,1,3,0.6857139999999999,2025-01-16 08:47:59.975747+00
143,2,name22,1,4,2,It helped correct but also if the output was correct.,0.5314284,1,14,0.4685716,2025-01-16 08:52:40.254865+00
144,2,name118,1,4,1,That last question sucked. Overpass Graffiti has a space. Okay..,0.6685711999999999,1,16,0.3314288000000001,2025-01-16 08:53:19.691131+00
145,2,name12,1,3,4,,0.5485713999999999,1,17,0.45142860000000007,2025-01-16 08:53:33.406091+00
146,2,name119,1,4,2,The last question was unclear and in generall the feedback was sometimes contradictory. It also suggested multiple things where wrong when it was just one single spelling mistake instead.,0.5199998,1,13,0.4800002,2025-01-16 08:54:38.680501+00
147,2,name120,1,2,2,,0.2628572,1,14,0.7371428,2025-01-16 08:55:29.273265+00
148,2,name35,1,3,1,More clear questions? Like OverpassGraffiti in the algebraic notation is not equal to the real Overpass Graffiti,0.46285699999999996,1,14,0.537143,2025-01-16 08:56:42.019270+00
149,2,name106,1,2,1,,0.7828569999999999,1,7,0.21714300000000009,2025-01-16 08:57:12.421294+00
150,2,name107,1,2,1,,0.8285714000000001,1,6,0.17142859999999993,2025-01-16 08:57:17.350163+00
151,2,name24,1,3,3,,0.4457142,1,14,0.5542857999999999,2025-01-16 08:57:18.764923+00
152,2,name121,1,5,5,,0.537143,1,16,0.46285699999999996,2025-01-16 08:58:23.858366+00
153,2,name111,1,2,2,,0.8857142,1,6,0.11428579999999999,2025-01-16 08:58:29.122037+00
154,2,name122,1,2,2,it helps if the result of the query code is shown so i better see what happens,0.5542858,1,16,0.44571419999999995,2025-01-16 08:58:30.960328+00
155,2,name113,1,4,4,,0.49714279999999994,1,12,0.5028572,2025-01-16 09:00:11.349733+00
156,2,name110,1,2,3,The spelling error of the song is a huge oversight.,0.4114286,1,19,0.5885714,2025-01-16 09:01:22.586505+00
157,2,name109,1,3,2,,0.182857,1,19,0.817143,2025-01-16 09:01:46.227065+00
158,2,name123,1,4,4,,0.4114286,1,14,0.5885714,2025-01-16 09:05:25.410717+00
159,2,name28,1,3,3,,0.27999999999999997,1,18,0.72,2025-01-16 09:12:12.330071+00
160,2,name117,1,3,4,,0.36,1,13,0.64,2025-01-16 09:13:37.574673+00
161,1,name124,1,4,3,,,0,0,,2025-01-16 09:26:20.513740+00
162,2,name67,1,4,4,,0.6971428,1,8,0.30285720000000005,2025-01-16 09:34:23.241942+00
163,2,name92,1,3,4,,0.0742858,1,36,0.9257142,2025-01-16 09:39:58.745797+00
164,2,name21,1,4,3,,0.5942856,0.8857142,13,0.29142860000000004,2025-01-16 09:42:36.610646+00
165,2,name125,1,1,1,,0.4114286,1,10,0.5885714,2025-01-16 09:46:18.237951+00
166,2,name126,1,3,3,,0.337143,1,17,0.662857,2025-01-16 09:56:05.869937+00
167,2,name85,1,4,4,,0.2628572,1,13,0.7371428,2025-01-16 09:56:43.213168+00
168,2,name127,1,2,2,,0.6628572,1,7,0.33714279999999996,2025-01-16 09:58:44.495653+00
169,2,name61,1,1,3,,0.8857142,0.8857142,5,0,2025-01-16 10:04:32.791559+00
170,2,name34,1,4,4,,0.3257144,1,23,0.6742855999999999,2025-01-16 10:18:09.255105+00
171,2,name33,1,5,5,Actually quite good,0.3714286,1,18,0.6285714,2025-01-16 10:18:09.560055+00
172,2,name90,1,2,2,,0.314286,1,28,0.6857139999999999,2025-01-16 10:27:55.206796+00
173,2,name128,1,1,1,,0.6,1,8,0.4,2025-01-16 10:28:41.154258+00
174,2,name29,1,3,3,,0.4799998,1,18,0.5200002,2025-01-16 10:36:34.595911+00
175,2,name89,1,5,5,,0.8628572,1,6,0.1371428,2025-01-16 11:09:54.725945+00
176,2,name80,1,4,4,,0.382857,1,12,0.617143,2025-01-16 11:10:56.003843+00
177,1,name114,1,5,5,,0.885714,1,3,0.114286,2025-01-16 11:17:27.359669+00
178,2,name71,1,4,4,,0.6114286,1,8,0.3885714,2025-01-16 11:50:36.642506+00
179,2,name30,1,5,5,,0.4228572,1,21,0.5771428000000001,2025-01-16 11:50:40.449400+00
180,2,name51,1,5,5,,0.8114285999999999,1,6,0.18857140000000006,2025-01-16 11:58:54.665684+00
181,2,name129,1,5,5,,0.36,1,20,0.64,2025-01-16 11:59:10.576949+00
182,2,name38,1,2,2,,0.26285719999999996,1,16,0.7371428,2025-01-16 12:13:31.932352+00
183,2,name130,1,1,1,,0.7485714,1,12,0.2514286,2025-01-16 12:23:53.373768+00
184,2,name23,1,5,5,,0.8742856,1,7,0.1257144,2025-01-16 12:58:49.438603+00
185,2,name41,1,3,2,,0.6857144,0.8857142,8,0.19999980000000006,2025-01-16 13:29:13.265359+00
186,2,name73,1,4,3,,0.8114285999999999,1,6,0.18857140000000006,2025-01-16 13:41:47.170268+00
187,1,name131,1,1,1,,0,0,1,0,2025-01-16 14:09:13.939463+00
188,1,name132,1,4,4,,,0,0,,2025-01-16 14:24:20.981627+00
189,2,name4,1,4,3,,0.36,1,14,0.64,2025-01-16 14:27:45.087659+00
190,2,name14,1,4,4,,0.862857,1,7,0.13714300000000001,2025-01-16 14:35:04.212064+00
191,2,name133,1,3,3,,0.5028572,1,17,0.4971428,2025-01-16 14:36:14.231683+00
192,2,name74,1,4,3,,0.6114286,1,10,0.3885714,2025-01-16 14:53:27.898526+00
193,2,name3,1,3,3,,0.43428560000000005,1,19,0.5657144,2025-01-16 14:56:20.906544+00
194,2,name131,1,4,3,,0.3542858,0.8114285999999999,22,0.45714279999999996,2025-01-16 15:13:04.236340+00
195,2,name132,1,2,2,It is very case sensitive and doesn't give me full points even if my code is correct.,0.5599999999999999,1,27,0.44000000000000006,2025-01-16 15:32:48.418670+00
196,2,name134,1,3,3,,0.8971427999999999,1,8,0.10285720000000009,2025-01-16 15:35:55.420933+00
197,2,name84,1,4,4,,0.31999999999999995,1,21,0.68,2025-01-16 16:00:14.248107+00
198,2,name75,1,4,4,,0.5542858,1,11,0.44571419999999995,2025-01-16 16:26:10.437657+00
199,2,name135,1,4,4,,0.4228572,0.8857142,20,0.462857,2025-01-16 18:08:07.019939+00
200,2,name136,1,3,4,"As for Q5 the WHERE clause was marked as incorrect, however the expected vs. actual clauses looked so similar that I could not figure out at all what was going wrong. Maybe getting to see the actual output, or getting more specific pointers about what is going wrong in these cases could be helpful. For all the other questions it worked perfectly for me though :)",0.49714279999999994,0.8857142,21,0.38857140000000007,2025-01-16 20:22:10.353631+00
201,2,name137,1,5,5,,0.2857144,1,14,0.7142856,2025-01-16 20:48:08.572650+00
202,2,name138,1,3,4,,0.8114285999999999,1,7,0.18857140000000006,2025-01-16 23:32:33.204520+00
203,1,name138,1,3,3,,0.314286,1,2,0.6857139999999999,2025-01-16 23:34:00.222517+00
204,2,name27,1,3,2,The last question's feedback was confusing ,0.3485716,0.8857142,20,0.5371426,2025-01-17 00:06:27.398392+00
205,2,name18,1,1,1,,0.4857142,0.8857142,16,0.4,2025-01-17 08:23:03.842543+00
206,2,name86,1,2,2,on question 2 especially it gave me a 0.16/1.00 and told me that basically everything was wrong when i was only missing one DISTINCT. i feel like it overshoots on finding problems,0.64,1,8,0.36,2025-01-17 09:20:25.885530+00
207,1,name139,1,4,4,,0.428571,1,2,0.571429,2025-01-17 09:25:12.561727+00
208,2,name93,1,3,3,,0.24571420000000002,0.8114285999999999,12,0.5657144,2025-01-17 09:32:35.927773+00
209,2,name32,1,4,5,,0.8,1,10,0.19999999999999996,2025-01-17 09:45:19.792782+00
210,2,name139,1,4,5,,0.8285715,1,5,0.17142849999999998,2025-01-17 09:46:32.227702+00
211,2,name5,1,4,2,"In the last question, the RA says ""OverpassGraffiti"" without a space. It took me a long time to find out that my bug was in the space, so maybe it can better be written with a space?",0.24,1,17,0.76,2025-01-17 09:50:01.950253+00
212,2,name40,1,2,3,"q 5, quite a vague explenation: * 1. FROM clause:
* 		● Mismatch in FROM clause tables.
* 		● Missing tables: 'track'. , I sort of got the jist to rename it from the slide but the autograder feedback was not really helpful and mostly just confusing for this question",0.5257144,1,11,0.4742856,2025-01-17 10:27:59.699770+00
213,2,name63,1,3,2,,0.4514286,0.8628572,11,0.4114286,2025-01-17 10:44:38.821882+00
214,2,name48,1,3,3,,0.4114286,1,19,0.5885714,2025-01-17 10:48:37.036382+00
215,2,name58,1,5,4,,0.4457142,1,14,0.5542857999999999,2025-01-17 11:03:27.406647+00
216,2,name57,1,2,2,"Feedback wasnt all that usefull.
Most problems were in the where clauses, but any time I looked at the feedback the part of 'Found conditions' didnt 100% line up with what I wrote down, which confused me quite a bit.",0.5199998,1,19,0.4800002,2025-01-17 11:10:48.129909+00
217,2,name140,1,2,2,,0.4628572,1,13,0.5371428,2025-01-17 11:20:10.425249+00
218,2,name66,1,4,4,,0.8628572,1,8,0.1371428,2025-01-17 12:01:59.904186+00
219,1,name141,1,5,5,,0.314286,1,3,0.6857139999999999,2025-01-17 12:14:44.119963+00
220,2,name142,1,5,3,,0.582857,1,9,0.41714300000000004,2025-01-17 12:26:39.929854+00
221,1,name143,1,5,4,,0.485714,1,8,0.514286,2025-01-17 12:42:11.554408+00
222,2,name16,1,3,4,"Overpass Graffiti had a space inbetween but the question showed it as if it were OverpassGraffiti, took a while to find and fix.",0.4114286,1,19,0.5885714,2025-01-17 13:00:37.769733+00
223,2,name141,1,4,4,,0.382857,1,22,0.617143,2025-01-17 13:26:33.226875+00
224,2,name26,1,1,1,The last question in particular I didn't really understand the SQL feedback.,0.49714279999999994,0.8628572,18,0.36571440000000005,2025-01-17 13:28:22.885413+00
225,2,name65,1,5,5,,0.3714286,1,17,0.6285714,2025-01-17 13:48:20.801923+00
226,1,name144,1,4,3,,0.314286,1,3,0.6857139999999999,2025-01-17 13:52:14.318122+00
227,1,name145,1,2,2,,1,1,4,0,2025-01-17 13:56:02.675558+00
228,2,name146,1,5,5,,0.6228572,1,8,0.3771428,2025-01-17 14:09:15.064677+00
229,2,name144,1,1,1,,0.5142856,1,14,0.4857144,2025-01-17 14:20:27.142715+00
230,2,name147,1,3,3,,0.6114286,1,9,0.3885714,2025-01-17 14:41:04.904693+00
231,2,name145,1,1,1,,0.8628572,1,8,0.1371428,2025-01-17 14:44:45.983293+00
232,2,name37,1,3,1,"Sometimes the feedback is hard to understand or is nonsense. The last question i had to retype. at first it gave me 0.31 and then i typed it in again, identically. then it was a 100%.",0.4742858,1,12,0.5257142,2025-01-17 14:46:17.407027+00
233,2,name148,1,5,5,,0.1828572,1,16,0.8171428000000001,2025-01-17 15:04:10.803913+00
234,2,name81,1,4,4,,0.8114285999999999,0.8114285999999999,9,0,2025-01-17 15:08:07.535333+00
235,2,name143,1,5,4,,0.6628572,1,9,0.33714279999999996,2025-01-17 16:18:30.685024+00
236,2,name149,1,4,4,,0.8,1,7,0.19999999999999996,2025-01-17 16:56:15.804697+00
237,2,name70,1,5,5,,0.8857142,1,6,0.11428579999999999,2025-01-17 17:01:52.870379+00
238,2,name47,1,2,3,,0.42857140000000005,0.8628572,19,0.43428579999999994,2025-01-17 17:26:37.263906+00
239,2,name9,1,2,3,,0.4799998,1,12,0.5200002,2025-01-17 17:58:03.379011+00
240,2,name46,1,3,3,,0.4114286,1,23,0.5885714,2025-01-17 18:00:07.365292+00
241,2,name88,1,5,4,,0.33142839999999996,1,15,0.6685716,2025-01-17 18:23:36.053043+00
242,2,name76,1,4,3,,0.5257144,1,12,0.4742856,2025-01-17 18:42:57.861894+00
243,2,name68,1,4,3,,0.4228572,1,20,0.5771428000000001,2025-01-17 18:48:19.452083+00
244,2,name50,1,4,3,,0.5714284,0.8857142,13,0.31428580000000006,2025-01-17 18:49:20.304360+00
245,2,name77,1,4,3,,0.3333333333333333,0.6666666666666666,14,0.3333333333333333,2025-01-17 18:58:35.486007+00
246,2,name150,1,5,5,,0.7714284,1,14,0.22857159999999999,2025-01-17 19:10:58.299787+00
247,2,name151,1,4,3,,0.24571420000000002,0.8114285999999999,11,0.5657144,2025-01-17 19:32:42.428609+00
248,2,name82,1,3,3,,0.7714283999999999,1,9,0.2285716000000001,2025-01-17 19:57:57.267043+00
249,2,name62,1,5,5,,0.3314284,1,20,0.6685715999999999,2025-01-17 20:06:51.417014+00
250,2,name152,1,5,4,,0.8857142,1,8,0.11428579999999999,2025-01-17 20:15:38.673547+00
251,2,name59,1,4,4,,0.8628572,1,7,0.1371428,2025-01-17 20:18:52.084295+00
252,2,name72,1,3,3,,0.7485714,0.862857,9,0.11428559999999999,2025-01-17 20:23:49.029348+00
253,2,name79,1,5,5,,0.4114286,0.8857142,22,0.47428560000000003,2025-01-17 20:35:56.111874+00
254,2,name83,1,4,4,,0.55,0.7857142500000001,5,0.23571425000000001,2025-01-17 20:53:17.046998+00
255,2,name153,1,3,1,"This feedback helps a lot in places where I just made a mistake. In the places where I actually didn't understand, I mostly got feedback 'correct this clause' or 'add more conditions', which did not help me in understanding at all",0.3314284,0.8857142,24,0.5542857999999999,2025-01-17 21:01:29.610566+00
256,1,name153,1,4,2,,0.314286,1,5,0.6857139999999999,2025-01-17 21:06:31.793917+00
257,2,name154,1,5,5,,0.4799998,0.8628572,16,0.3828574,2025-01-18 12:14:37.263542+00
258,2,name78,1,3,3,,0.4628572,1,15,0.5371428,2025-01-20 11:05:08.178481+00
259,2,name155,1,4,3,I had an extra line (just an empty line) and that was the cause for me not getting the full point,0.4114286,1,16,0.5885714,2025-01-21 12:53:13.161462+00
260,2,name49,1,5,5,,0.6971428,0.9771428,12,0.28,2025-01-21 16:11:58.797402+00
261,3,name42,1,5,5,"Feedback helps a lot, although sometimes it doesnt clearly specify the problem and its hard to come by and understand it. Usually in the WHERE clauses where i struggle most reading feedback (e.g. mismatching tables, and thats it but might just be some spelling mistake or something)",0.4142856999999999,1,31,0.5857143,2025-01-21 17:39:44.923156+00
262,3,name1,1,1,1,,0.7228572,1,16,0.2771428,2025-01-22 06:30:08.455794+00
263,3,name99,1,4,4,,0.8114285999999999,1,15,0.18857140000000006,2025-01-22 07:10:25.656281+00
264,3,name108,1,5,5,,0.5857144,0.9428571,34,0.35714270000000004,2025-01-22 08:38:07.253034+00
265,3,name17,1,2,2,,0.78,1,19,0.21999999999999997,2025-01-22 09:09:57.890134+00
266,2,name91,1,2,3,,0.43428579999999994,1,18,0.5657142000000001,2025-01-22 09:10:45.160815+00
267,3,name129,1,5,5,,0.35714290000000004,0.8485714,47,0.49142849999999993,2025-01-22 09:44:30.506128+00
268,3,name32,1,3,2,The feedback is quite vague,0.7914285999999999,1,19,0.20857140000000007,2025-01-22 10:07:06.219889+00
269,3,name89,1,4,4,,0.5942857,1,37,0.40571429999999997,2025-01-22 10:11:46.642789+00
270,3,name135,1,4,4,,0.4600000000000001,0.9428571,44,0.48285709999999993,2025-01-22 11:34:53.492101+00
271,3,name101,1,2,2,,0.7685715,1,13,0.23142850000000004,2025-01-22 12:05:56.512553+00
272,3,name100,1,3,4,"Often my query has the same result, but will break in socoles.

For example, when checking conditions like A = B = C

you can write either:

A = B and B = C

Or you check:

A=B and A=C

Socoles will break one of them, but not on the other.",0.4657143,1,43,0.5342857,2025-01-22 12:07:23.769767+00
273,3,name133,1,4,3,,0.82,1,15,0.18000000000000005,2025-01-22 13:03:54.507964+00
274,3,name95,1,4,4,,0.3514285,1,36,0.6485715000000001,2025-01-22 13:08:00.531836+00
275,3,name45,1,3,1,,0.4000001,0.9428571,34,0.5428569999999999,2025-01-22 13:11:54.447270+00
276,3,name123,1,3,3,,0.8114285999999999,1,13,0.18857140000000006,2025-01-22 13:13:30.539738+00
277,2,name156,1,2,2,,0.5599999999999999,0.8,10,0.2400000000000001,2025-01-22 13:15:33.526589+00
278,3,name16,1,3,3,Last question was a bit harder with explanation that no joins are required,0.5285715,1,35,0.47142850000000003,2025-01-22 13:19:31.862929+00
279,3,name2,1,3,1,"Question 8 didnt work but in my DuckDB it did
",0.5685714,0.9,22,0.3314286000000001,2025-01-22 13:52:22.822102+00
280,2,name56,1,4,4,,0.582857,1,11,0.41714300000000004,2025-01-22 16:13:01.772473+00
281,3,name102,1,2,4,,0.8371428999999999,1,12,0.1628571000000001,2025-01-22 16:39:14.399906+00
282,3,name55,1,3,2,,0.4142856999999999,1,21,0.5857143,2025-01-22 17:10:46.853829+00
283,3,name47,1,4,2,,0.5571429,1,30,0.4428571,2025-01-22 17:12:04.815266+00
284,3,name6,1,2,2,,0.7914285,1,17,0.20857150000000002,2025-01-22 17:31:56.952054+00
285,3,name120,1,2,2,,0.9057143,1,12,0.09428570000000003,2025-01-22 17:40:18.811675+00
286,3,name15,1,3,3,,0.7,1,15,0.30000000000000004,2025-01-22 18:17:27.651828+00
287,3,name4,1,4,4,,0.7542857,1,16,0.24571430000000005,2025-01-22 20:21:18.140973+00
288,3,name43,1,3,3,,0.66,1,22,0.33999999999999997,2025-01-22 21:52:19.258598+00
289,3,name125,1,3,2,,0.7714285000000001,1,23,0.22857149999999993,2025-01-22 22:37:40.558790+00
290,2,name53,1,4,4,"finished it last thursday, only just saw noticed that I hadn't clicked submit",0.5028572,1,9,0.4971428,2025-01-23 05:40:33.156413+00
291,3,name127,1,3,2,,0.8057143,1,13,0.1942857,2025-01-23 07:33:08.771840+00
292,2,name52,1,5,4,,0.6114286,0.8,21,0.18857140000000006,2025-01-23 07:33:23.593174+00
293,3,name54,1,4,3,,0.7428572,1,15,0.2571428,2025-01-23 07:36:37.047711+00
294,3,name105,1,3,2,It says some things are incorrect but the things it says are correct and other stuff is apparently incorrect. So its very confusing,0.3857144,1,36,0.6142856,2025-01-23 07:37:25.580072+00
295,2,name124,1,4,4,,0.6628572,1,12,0.33714279999999996,2025-01-23 07:41:42.632149+00
296,3,name8,1,2,2,,0.5371429,1,29,0.4628571,2025-01-23 08:04:25.373365+00
297,3,name98,1,2,3,SOCOLES just breaks on the feedback for question 5. It suggested to me to use an * in the SELECT clause as wel as album_id. Which is obviously not correct. Also it still cannot pick up upon smaller typing errors.,0.4428572,1,29,0.5571428,2025-01-23 08:12:31.373282+00
298,3,name28,1,3,3,,1,1,15,0,2025-01-23 08:15:40.983575+00
299,3,name52,1,5,5,,0.5171429,0.78,27,0.26285710000000007,2025-01-23 08:20:19.199168+00
300,3,name11,1,3,3,,0.6685715,1,23,0.3314285,2025-01-23 08:23:15.171284+00
301,3,name103,1,2,1,,0.45428569999999996,1,31,0.5457143,2025-01-23 08:25:11.004320+00
302,3,name138,1,1,1,,0.5057143,1,29,0.49428570000000005,2025-01-23 08:39:34.682459+00
303,3,name94,1,1,1,"For the last question, the following SQL was a valid answer, but it was not accepted:
```
SELECT DISTINCT name
FROM Artist NATURAL JOIN Performs NATURAL JOIN Produces NATURAL JOIN Writes;
```",0.8400000999999999,1,14,0.15999990000000008,2025-01-23 08:46:16.622976+00
304,3,name20,1,2,4,"I would recommend not checking an accidental extra white line at the very bottom as a semantics error. As, copy pasting from DuckDB automatically creates a white line, which is rather annoying to have 0.12 wrong on a question for semantics. ",0.5685714000000001,1,26,0.43142859999999994,2025-01-23 08:48:18.864542+00
305,3,name19,1,3,2,,0.6628572,1,24,0.33714279999999996,2025-01-23 08:48:22.525551+00
306,3,name118,1,3,3,The hints helped I guess,0.5542858,1,22,0.44571419999999995,2025-01-23 08:48:28.807098+00
307,3,name107,1,2,2,,0.7171429,1,16,0.2828571,2025-01-23 08:49:50.916498+00
308,3,name106,1,1,1,,0.8314286,1,12,0.16857140000000004,2025-01-23 08:50:14.827023+00
309,3,name31,1,4,1,,0.6171428999999999,0.9428571,30,0.32571420000000006,2025-01-23 08:50:19.815385+00
310,3,name116,1,4,1,,0.7771428,1,16,0.22285719999999998,2025-01-23 08:53:53.086203+00
311,3,name22,1,3,1,,0.3257142,1,27,0.6742858,2025-01-23 08:55:09.922444+00
312,3,name136,1,4,4,,0.2914285,1,31,0.7085715,2025-01-23 08:57:23.424134+00
313,3,name56,1,4,4,,0.9,1,11,0.09999999999999998,2025-01-23 08:58:16.094765+00
314,3,name38,1,4,4,,0.3314287,1,33,0.6685713,2025-01-23 08:58:40.140796+00
315,3,name128,1,3,3,,0.7685715,1,14,0.23142850000000004,2025-01-23 09:00:49.732933+00
316,3,name111,1,2,2,,0.7399998999999999,1,16,0.26000010000000007,2025-01-23 09:04:02.448575+00
317,3,name104,1,1,1,"Not a clear way to call attributes, as sometimes when Artist.name is not ambigious, it forces to use Artist.name still and in some exercises you may only use just `name` without artist...",0.35142860000000004,1,35,0.6485714,2025-01-23 09:05:06.434302+00
318,3,name126,1,4,4,,0.58,1,21,0.42000000000000004,2025-01-23 09:06:27.401701+00
319,3,name124,1,1,1,,0.46857139999999997,1,34,0.5314286,2025-01-23 09:17:31.739326+00
320,3,name156,1,2,2,,0.603571375,1,15,0.396428625,2025-01-23 09:24:45.580798+00
321,3,name143,1,4,4,,0.4628569999999999,1,33,0.5371430000000001,2025-01-23 09:25:22.636233+00
322,3,name109,1,3,2,,0.2371428,1,46,0.7628572,2025-01-23 09:31:25.517378+00
323,3,name24,1,2,2,,0.6685714,0.9428571,38,0.27428569999999997,2025-01-23 09:32:18.605261+00
324,3,name76,1,4,3,,0.4314286,1,27,0.5685714,2025-01-23 09:32:30.298279+00
325,3,name77,1,5,5,,0.5057144,0.9057143,45,0.39999989999999996,2025-01-23 09:35:47.744706+00
326,3,name7,1,2,1,,0.6771427999999999,1,20,0.32285720000000007,2025-01-23 09:53:49.024406+00
327,3,name26,1,4,4,,0.4857142,1,22,0.5142858,2025-01-23 10:07:10.837400+00
328,3,name132,1,1,1,"It was really bad and is wayy to sensitive





\",0.3171429,0.9428571,45,0.6257142,2025-01-23 10:15:10.187558+00
329,3,name97,1,1,1,,0.3171429,0.9314285999999999,48,0.6142856999999999,2025-01-23 10:16:03.173736+00
330,3,name157,1,3,3,,0.5742857,1,19,0.4257143,2025-01-23 10:18:17.402929+00
331,3,name35,1,3,1,"Problem is sometimes the autograder interprets "";"" at the end as a mistake, or simple ID boolean check in where clause would be sufficient but it demands JOIN although of the same result of the query",0.4742857,1,24,0.5257143,2025-01-23 10:29:59.999788+00
332,3,name73,1,4,4,,1,1,12,0,2025-01-23 10:35:42.363813+00
333,3,name139,1,3,3,,0.4228572,0.9314285999999999,30,0.5085713999999999,2025-01-23 10:37:21.548154+00
334,3,name158,1,1,1,,0.6514286,1,23,0.3485714,2025-01-23 10:53:16.796149+00
335,3,name51,1,5,5,,0.5828571,1,20,0.4171429,2025-01-23 11:06:36.096989+00
336,3,name62,1,5,5,,0.5685715,0.9428571,35,0.3742856,2025-01-23 11:37:10.999626+00
337,3,name36,1,5,5,,0.5485713999999999,1,28,0.45142860000000007,2025-01-23 11:44:33.163935+00
338,3,name10,1,3,3,,0.46571419999999997,0.9428571,36,0.47714290000000004,2025-01-23 12:04:26.541465+00
339,3,name33,1,5,5,,0.40857150000000003,1,27,0.5914284999999999,2025-01-23 12:22:51.206354+00
340,3,name87,1,3,5,,0.33999999999999997,1,41,0.66,2025-01-23 12:32:43.504399+00
341,3,name151,1,3,2,,0.5371429,1,35,0.4628571,2025-01-23 12:45:16.100811+00
342,3,name84,1,3,2,,0.631746,0.8888888888888888,29,0.2571428888888888,2025-01-23 13:17:07.323961+00
343,3,name57,1,3,2,,0.5228572,1,35,0.4771428,2025-01-23 13:44:47.054381+00
344,3,name90,1,4,3,He did do something weird at the last question where he said that i wrote name = performs.track_id even though i wrote Writes.track_id = performs.track_id,0.44857139999999995,1,30,0.5514286,2025-01-23 14:28:51.844177+00
345,3,name144,1,3,2,,0.5857143,1,20,0.4142857,2025-01-23 14:37:01.502147+00
346,3,name121,1,5,5,,0.5057143,1,27,0.49428570000000005,2025-01-23 14:37:06.572517+00
347,3,name34,1,4,4,,0.6485714,1,22,0.3514286,2025-01-23 15:09:41.593854+00
348,3,name3,1,4,3,,0.517143,1,23,0.482857,2025-01-23 15:24:47.444564+00
349,3,name75,1,4,4,,0.7057143,0.9971429,21,0.29142860000000004,2025-01-23 15:37:45.031690+00
350,3,name74,1,5,3,,0.6514285,1,26,0.34857150000000003,2025-01-23 15:50:07.650789+00
351,3,name27,1,2,1,It happens often when there is only one mistake in the query (lets say in group by) that everything but SELECT (if that is correct) will be marked as wrong and therefore the feedback is inaccurate.,0.6314286,0.9314285999999999,38,0.29999999999999993,2025-01-23 15:59:41.150227+00
352,3,name9,1,5,5,,0.7028570999999999,1,23,0.2971429000000001,2025-01-23 19:42:41.700576+00
353,3,name134,1,5,5,,0.8800000000000001,1,14,0.11999999999999988,2025-01-23 22:53:29.240561+00
354,3,name86,1,3,3,"same as last time, the autograder overshoots. it suggests more is wrong than is actually wrong, but it does tend to include the problem at least",0.457143,1,27,0.5428569999999999,2025-01-23 23:26:36.345926+00
355,3,name91,1,4,2,There are questions where you have to do for example Track.track_id and there are questions where it is wrong to do Track.track_id and you have to do track_id and it's not clear why,0.42571440000000005,0.9428571,33,0.5171427,2025-01-24 07:17:42.150751+00
356,3,name29,1,2,2,,0.40571440000000003,1,30,0.5942856,2025-01-24 07:57:26.931423+00
357,3,name12,1,4,3,"Unsure if this is the intended behaviour: 
The autograder grades these wrong and correct although they have the same output
Correct:
select distinct track_title from track, writes where 'lyricist' = writes.role and track.track_id = writes.track_id;


Wrong:
select distinct track_title from track, writes where role = 'lyricist' and track.track_id = writes.track_id;",0.5171428,1,43,0.4828572,2025-01-24 08:15:57.150608+00
358,3,name149,1,4,4,I still have no clue what I'm doing wrong in the fifth question,0.6857143,0.9428571,27,0.2571428,2025-01-24 08:23:48.084339+00
359,3,name114,1,5,5,,0.7942857,1,16,0.20571430000000002,2025-01-24 10:23:04.974743+00
360,3,name140,1,1,1,,0.4085715,1,28,0.5914285,2025-01-24 10:44:38.823269+00
361,3,name58,1,5,4,,0.4485715,1,21,0.5514285,2025-01-24 11:09:24.799404+00
362,3,name21,1,3,2,,0.6571427999999999,0.9428571,31,0.2857143000000001,2025-01-24 11:54:10.286650+00
363,3,name63,1,1,1,,0.9142857,0.9057143,14,-0.008571400000000007,2025-01-24 12:18:56.890014+00
364,3,name41,1,2,2,The feedback is very messy.,0.9057143,1,11,0.09428570000000003,2025-01-24 12:20:23.170347+00
365,3,name53,1,2,2,"The grading for question 5 was seemingly all messed up. I had the exact same code, word for word and character for character as some classmates. They immediately got 1.0/1.0, I first got 0.31/1.0 and after trying to tweak some things it didn't improve much. After the 9th attempt I decided to just copy paste the code of a classmate (which was seemingly exactly the same as mine) to see what the grading system would do with that, and it gave a 0.0/1.0. ",0.6599999999999999,0.9,31,0.2400000000000001,2025-01-24 12:36:53.225928+00
366,3,name137,1,4,5,,0.9028572,1,18,0.09714279999999997,2025-01-24 12:42:27.815539+00
367,3,name122,1,2,2,"SELECT Artist.name is incorrect, just SELECT name was correct. I think a table prefix is a better query, and should also be correct",0.32571429999999996,0.9057143,47,0.5800000000000001,2025-01-24 12:42:48.145699+00
368,3,name46,1,4,3,,0.437143,0.9057143,31,0.46857129999999997,2025-01-24 12:47:37.324408+00
369,3,name71,1,4,4,,0.6371429,1,16,0.36285710000000004,2025-01-24 13:29:35.463941+00
370,3,name40,1,4,4,Sometimes quite confusing feedback for question 4 for instance,0.5285713999999999,1,29,0.4714286000000001,2025-01-24 13:43:42.447519+00
371,3,name147,1,2,3,,0.8742857,1,13,0.12571429999999995,2025-01-24 14:04:16.442355+00
372,3,name154,1,5,5,,0.6171428999999999,1,23,0.38285710000000006,2025-01-24 14:05:29.366832+00
373,3,name59,1,5,4,,0.9885714,1,11,0.011428600000000011,2025-01-24 14:06:01.536533+00
374,3,name70,1,5,5,,0.7685715,1,18,0.23142850000000004,2025-01-24 14:16:32.623480+00
375,3,name78,1,2,2," WHEN you write code in socoles, it randomly refreshes pages or idk what it did, but last few changes can be randomly backwarded. I mean you write smt_new in code, you see that you wrote smt_new , but it can randomly (not all the time) be deleted like you wrote nothing before

Or you change PK to PR, you see it, you click on run, and after fail you see that it uses PK like you have not change anything before

I hope this wont be on exam",0.42000010000000004,1,32,0.5799999,2025-01-24 14:38:22.591588+00
376,3,name67,1,4,3,,0.4628571,0.9885714,33,0.5257143,2025-01-24 14:53:26.163986+00
377,2,name39,1,5,5,,0.46857139999999997,1,13,0.5314286,2025-01-24 14:53:50.773367+00
378,3,name92,1,2,3,,0.3828572,1,44,0.6171428,2025-01-24 14:55:04.067978+00
379,3,name80,1,5,5,,0.5971428,1,20,0.4028572,2025-01-24 14:57:15.385735+00
380,3,name142,1,4,3,,0.7085713,1,25,0.2914287,2025-01-24 15:13:07.009740+00
381,3,name88,1,2,2,"the feedback quite often just says ""this is wrong"" without any explanation. this is hard to correct when i have working syntax but not what the ai wants",0.5257143,0.9428571,30,0.41714280000000004,2025-01-24 15:29:00.591487+00
382,3,name39,1,5,5,,0.6085714,1,26,0.3914286,2025-01-24 15:40:47.741896+00
383,3,name37,1,4,2,,0.6314286,1,39,0.3685714,2025-01-24 15:48:08.015894+00
384,3,name145,1,3,1,"As I was typing, my code would randomly partially delete.",0.6485714,1,17,0.3514286,2025-01-24 15:48:55.769965+00
385,3,name18,1,4,2,,0.5371429,1,29,0.4628571,2025-01-24 16:35:05.632832+00
386,3,name159,1,4,3,,0.6000000000000001,0.911111111111111,22,0.3111111111111109,2025-01-24 17:12:10.105344+00
387,3,name68,1,3,3,,0.5485715,0.9400000000000001,45,0.39142850000000007,2025-01-24 17:21:21.489731+00
388,3,name130,1,3,2,,0.7057142,1,23,0.29428580000000004,2025-01-24 17:36:42.341849+00
389,3,name160,1,2,2,"I DIDNT WANT TO HAND IT IN
",0.5685715,0.9057143,16,0.33714279999999996,2025-01-24 17:49:38.242817+00
390,3,name48,1,4,2,,0.3885715,0.9,45,0.5114285000000001,2025-01-24 18:44:26.512151+00
391,3,name161,1,3,2,,0.5685715,0.8171428000000001,38,0.24857130000000005,2025-01-24 19:29:47.726446+00
392,3,name66,1,4,4,,0.6799999,1,18,0.3200001,2025-01-24 19:30:57.144102+00
393,3,name72,1,3,3,,0.5199998,0.5942856,27,0.07428579999999996,2025-01-24 20:03:26.828713+00
394,2,name25,1,2,2,,0.8114285999999999,1,6,0.18857140000000006,2025-01-24 20:04:40.605529+00
395,3,name25,1,2,2,,0.6628571,1,14,0.3371429,2025-01-24 20:12:37.322025+00
396,3,name150,1,5,5,,0.4228573,0.7428572,26,0.3199999,2025-01-24 20:31:41.175431+00
397,3,name162,1,5,5,,0.9057143,1,12,0.09428570000000003,2025-01-24 20:48:15.858275+00
398,3,name30,1,5,4,,0.5333333333333333,0.8603174444444445,32,0.32698411111111114,2025-01-24 20:58:10.155305+00
399,3,name152,1,5,4,,0.9,1,14,0.09999999999999998,2025-01-24 20:58:46.058994+00
400,3,name82,1,3,3,,0.3914286,1,33,0.6085714,2025-01-24 20:59:17.311810+00
401,3,name153,1,4,2,,0.23928562499999997,0.85714275,29,0.617857125,2025-01-24 20:59:24.942625+00
402,1,name163,1,5,4,,0.371429,1,5,0.628571,2025-01-24 21:00:18.335863+00
403,3,name164,1,3,3,,0.8114285999999999,0.9057143,11,0.09428570000000003,2025-01-24 21:00:25.040634+00
404,3,name163,1,4,3,,0.46857150000000003,1,31,0.5314285,2025-01-24 21:36:54.123820+00
405,3,name131,1,2,2,,0.3514286,0.8257142999999999,22,0.4742856999999999,2025-01-28 12:29:40.041221+00
406,4,name1,1,1,1,,0.692857125,1,17,0.30714287500000004,2025-01-28 14:34:03.566171+00
407,4,name43,1,3,3,,0.41224500000000003,1,30,0.587755,2025-01-28 16:25:49.641552+00
408,4,name101,1,1,1,"I sometimes randomly lose my query, it is VERY annoying. Also again, the feedback makes no sense, it is honestly not useful at all.",0.717857,0.928571375,14,0.210714375,2025-01-28 16:29:36.336597+00
409,3,name5,1,4,3,,0.5342857,1,19,0.4657143,2025-01-29 07:33:12.188260+00
410,3,name146,1,5,5,,0.82,1,12,0.18000000000000005,2025-01-29 08:43:03.486228+00
411,4,name11,1,4,3,,0.532142875,1,19,0.467857125,2025-01-29 08:49:33.599415+00
412,4,name139,1,3,3,,0.475,1,25,0.525,2025-01-29 09:02:19.965263+00
413,4,name103,1,1,1,,0.475,1,25,0.525,2025-01-29 09:09:28.616636+00
414,4,name75,1,3,4,,0.63214275,0.98571425,16,0.35357150000000004,2025-01-29 09:12:31.596454+00
415,4,name17,1,2,2,"On question 4 i had the correct code i believed, because i tested it in my own duckDB, but it said it was incorrect then i tried to fix it to what the grader wanted but i could not get it to something that the grader wanted.",0.742857125,0.928571375,23,0.18571424999999997,2025-01-29 10:05:52.876492+00
416,4,name71,1,2,2,,0.521428625,0.81071425,24,0.289285625,2025-01-29 11:09:25.764927+00
417,3,name93,1,3,3,,0.4742857,0.9428571,31,0.4685714,2025-01-29 11:15:01.400936+00
418,4,name2,1,1,1,This SCOCOLES thing doesn't grade good when you do good,0.44285725,0.671428625,23,0.22857137500000002,2025-01-29 12:36:15.561377+00
419,4,name28,1,3,3,,1,1,11,0,2025-01-29 12:42:28.350031+00
420,4,name120,1,1,1,,0.91428575,1,11,0.08571424999999999,2025-01-29 13:25:45.855569+00
421,4,name45,1,4,1,"Now in week 4 I do understand the automated feedback, but I do have to admit that it is very inviting to kind of 'cheese' your way through. If you submit a regular SELECT * FROM * or when you need recursion just a very broad recursive statement, you can use the feedback to figure out which tables and columns and which where statement etc. I'd say I do not better understand it sometime but just that the feedback helped me find the right answer.

Also, the feedback for the recursive statements was kind of hard to comperehend. I had multiple SELECT and FROM and it said scientist, scientist was missing from FROM. but which one?? and apparently I need to use the scientist table twice like FROM scientist A, scientist B. But saying 'scientist, scientist' missing was kind of confusing. or did it mean that both from statements needed just scientist added?",0.453571375,0.8285715,40,0.375000125,2025-01-29 13:27:34.924372+00
422,4,name104,1,4,4,,0.507143,1,19,0.492857,2025-01-29 13:46:19.954978+00
423,4,name158,1,1,1,I think I got the last question correct but it kept saying I got it wrong and it was unclear why.,0.56071425,0.882142875,28,0.321428625,2025-01-29 13:56:24.340316+00
424,4,name10,1,3,3,,0.91428575,0.942857125,17,0.028571374999999954,2025-01-29 13:59:56.983581+00
425,4,name132,1,4,3,,0.575,0.8714285,30,0.2964285000000001,2025-01-29 14:33:20.019119+00
426,4,name34,1,5,4,,0.34285725,1,28,0.65714275,2025-01-29 14:51:54.142835+00
427,4,name27,1,1,1,,0.4285715,1,28,0.5714285,2025-01-29 15:28:50.979705+00
428,3,name79,1,5,5,,0.40285709999999997,1,38,0.5971429,2025-01-29 16:58:58.909548+00
429,4,name42,1,5,5,,0.45714287499999995,1,23,0.542857125,2025-01-29 17:20:22.694311+00
430,4,name15,1,3,3,,0.91428575,1,12,0.08571424999999999,2025-01-29 17:53:03.291415+00
431,4,name6,1,1,1,,0.5510204285714285,0.8653061428571428,18,0.3142857142857143,2025-01-29 17:54:24.452949+00
432,4,name36,1,5,5,,0.696428625,1,20,0.303571375,2025-01-29 17:57:29.631786+00
433,4,name102,1,1,1,,0.692857125,1,17,0.30714287500000004,2025-01-29 21:01:13.375636+00
434,4,name94,1,1,1,The feedback for the assignments with recursion was absolutely terrible.,0.821428625,1,13,0.17857137499999998,2025-01-30 07:09:28.503111+00
435,4,name116,1,1,1,For Q3 it was unclear that you had to name the count row from the feedback as it only said that the ORDER BY was wrong (even though it wasn't).,0.796428625,1,15,0.203571375,2025-01-30 07:18:43.906676+00
436,4,name125,1,3,1,"exercise 3, i put the same query every time but sometimes i get 1 point and sometimes 0.43",0.710714375,1,18,0.289285625,2025-01-30 07:31:54.340869+00
437,4,name8,1,2,2,,0.44999999999999996,0.796428625,18,0.34642862500000005,2025-01-30 07:37:59.887547+00
438,3,name117,1,5,5,"it did not upload????????
i already finished it a week ago",0.5257143,1,36,0.47428570000000003,2025-01-30 07:46:23.662179+00
439,4,name121,1,5,4,,0.607142875,0.882142875,12,0.275,2025-01-30 07:56:54.195676+00
440,4,name24,1,2,2,,0.75,1,14,0.25,2025-01-30 08:02:21.170304+00
441,3,name65,1,5,5,,0.18,0.9428571,68,0.7628571,2025-01-30 08:11:26.346596+00
442,4,name99,1,4,4,,0.782142875,1,11,0.21785712499999998,2025-01-30 08:11:33.994084+00
443,3,name115,1,4,3,forgot to submit it,0.3542857,1,31,0.6457143000000001,2025-01-30 08:12:54.920683+00
444,3,name119,1,3,1,the feedback is often unneccesarely conveluted and gives unneccessary improvements,0.5542857,1,27,0.4457143,2025-01-30 08:24:06.780384+00
445,3,name155,1,4,4,,0.45396833333333336,1,16,0.5460316666666667,2025-01-30 08:24:12.290257+00
446,4,name91,1,4,2,,0.31785725,1,26,0.68214275,2025-01-30 08:25:04.596169+00
447,4,name105,1,1,1,A lot of the feedback did not make sense as it said there was something wrong in the WHERE clause because there were spaces between the equals sign,0.625000125,1,31,0.374999875,2025-01-30 08:38:03.422603+00
448,4,name54,1,1,2,"The feedback was often useless, as my query would return the exact same result (in a different order, but this was not a requirement mentioned in the question) and give basically no points. The feedback would also be quite useless, as the structure of my query was fundamentally different from the ""correct"" answer, enforcing me to rewrite the entire query instead of fix a few things.",0.7785715,1,13,0.22142850000000003,2025-01-30 08:46:17.110718+00
449,4,name19,1,3,2,,0.56071425,1,17,0.43928575000000003,2025-01-30 08:47:33.810723+00
450,4,name20,1,1,3,,0.692857125,1,17,0.30714287500000004,2025-01-30 08:49:37.093827+00
451,4,name108,1,5,5,,0.5035713749999999,1,20,0.49642862500000007,2025-01-30 09:04:06.160537+00
452,4,name22,1,3,3,,0.71071425,1,13,0.28928575,2025-01-30 09:06:51.085134+00
453,4,name21,1,4,2,,0.4964285,0.925,26,0.42857150000000005,2025-01-30 09:09:43.888053+00
454,4,name136,1,4,4,"It helps for the easier questions but for Q8 if you have a spelling mistake or take the wrong column, then it counts everything as wrong, even though it is almost completely correct",0.475,0.942857125,34,0.467857125,2025-01-30 09:10:53.057218+00
455,4,name111,1,2,2,,0.75,1,12,0.25,2025-01-30 09:16:51.892365+00
456,4,name140,1,1,1,"I find myself often thinking ""what would the autograder complain about"" and just trying to reverse-engineer the autograder, rather than actually learning why the autograder might suggest something. I don't claim to be an expert, but sometimes it feels like I submit a solution that works and the autograder just prefers its solution over mine, even if they are equivalent.",0.6785715,1,16,0.3214285,2025-01-30 09:17:13.562131+00
457,4,name106,1,1,1,,0.68571425,1,13,0.31428575000000003,2025-01-30 09:20:02.938577+00
458,4,name107,1,1,1,,0.6214284999999999,1,14,0.37857150000000006,2025-01-30 09:20:07.011609+00
459,4,name25,1,5,5,,0.882142875,1,10,0.11785712500000001,2025-01-30 09:20:18.123852+00
460,4,name76,1,2,4,,0.521428625,1,19,0.478571375,2025-01-30 09:30:10.921359+00
461,4,name117,1,3,3,,0.342857125,1,30,0.657142875,2025-01-30 09:33:02.211199+00
462,4,name31,1,1,1,,0.5785715,0.717857125,22,0.13928562499999997,2025-01-30 09:34:28.726556+00
463,4,name100,1,2,2,exercise three was a bit of a gamble,0.585714375,1,24,0.414285625,2025-01-30 09:56:55.862950+00
464,4,name109,1,2,2,,0.132143,1,44,0.867857,2025-01-30 10:08:36.258870+00
465,4,name32,1,2,2,The feedback is really vague,0.53928575,1,25,0.46071425,2025-01-30 10:19:25.922476+00
466,4,name87,1,5,5,,0.328571375,1,29,0.671428625,2025-01-30 10:19:50.111074+00
467,4,name126,1,4,4,,0.475000125,1,26,0.524999875,2025-01-30 10:31:44.773173+00
468,4,name124,1,1,1,,0.41785724999999996,0.882142875,28,0.46428562500000004,2025-01-30 10:36:35.563727+00
469,4,name133,1,2,3,"With the last question, I had to change my ""UNION ALL"" by ""UNION"" to let my query work the way it was intended, but this was not clear to me by the feedback. ",0.31785725,1,33,0.68214275,2025-01-30 10:43:49.327695+00
470,4,name127,1,1,1,,0.625000125,1,22,0.374999875,2025-01-30 10:45:55.788208+00
471,4,name123,1,2,2,,0.839285625,1,11,0.16071437499999996,2025-01-30 11:08:47.451667+00
472,4,name4,1,3,3,,0.692857125,1,12,0.30714287500000004,2025-01-30 11:19:45.186883+00
473,4,name73,1,3,4,,0.66428575,1,16,0.33571425,2025-01-30 11:23:35.115237+00
474,4,name98,1,1,1,"The feedback was really not helpfull, I am also annoyed by the fact that it does not grade correct code or give feedback which is correct. Also I found a bug where I somehow managed to get two inputs on the screen, allowing me two write in two lines at the same time.",0.36785725,0.8285715,34,0.46071425,2025-01-30 11:51:49.361473+00
475,4,name79,1,5,5,,0.33928575000000005,1,37,0.66071425,2025-01-30 12:12:25.525977+00
476,4,name56,1,2,2,,0.44285712499999996,1,36,0.557142875,2025-01-30 12:21:03.962246+00
477,4,name160,1,1,1,,0.475,0.882142875,23,0.407142875,2025-01-30 13:00:47.607353+00
478,4,name64,1,2,2,The feedback was quite confusing regaring the desired syntax and I didnt like it.,0.44285725,1,29,0.55714275,2025-01-30 13:15:33.187397+00
479,4,name26,1,2,2,"I didn't really understand recursion. Not from the lecture notes, the automated feedback of SQL, from the internet of from the TA's. ",0.44285725,0.882142875,21,0.439285625,2025-01-30 13:31:37.248280+00
480,4,name9,1,2,1,"SELECT Scientist.*
FROM Scientist S1, Scientist S2,  Teaches
WHERE S1.id = Teaches.advisor AND S2.id = Teaches.student
AND Scientist.name ='Desiderius Erasmus'


I think this was  wrong, but I was corrected to a full point.",0.5,1,29,0.5,2025-01-30 13:47:41.402482+00
481,4,name130,1,3,1,"Its still very minimal feedback and mostly useful to see if i have certain parts (such as the from clause, select clause, where clause, etc.) exactly like the answer model or models.
At one point I didnt have full points because i wrote name instead of scientist.name, while it would give the desired output which sometimes is frustrating since the autograder doesnt explicitly tell me thats the issue.",0.53214275,1,21,0.46785725,2025-01-30 14:07:00.833392+00
482,4,name3,1,1,2,,0.35714287499999997,1,34,0.642857125,2025-01-30 14:13:37.333770+00
483,4,name131,1,1,1,,0.4285715,1,26,0.5714285,2025-01-30 14:58:16.953465+00
484,3,name83,1,4,4,,0.12380949999999998,0.6380953333333333,29,0.5142858333333333,2025-01-30 15:23:23.614241+00
485,4,name68,1,3,2,,0.3,1,41,0.7,2025-01-30 16:45:42.935791+00
486,4,name143,1,2,1,Feedback was not helpful in the recursion problems,0.38928575,0.83571425,34,0.4464285,2025-01-30 16:46:41.518072+00
487,3,name85,1,5,4,,0.5085714,1,24,0.4914286,2025-01-30 17:41:24.315598+00
488,4,name47,1,1,1,,0.24489814285714287,1,38,0.7551018571428572,2025-01-30 20:15:19.136924+00
489,4,name118,1,1,1,The feedback was kind of bad this time,0.617857125,1,15,0.382142875,2025-01-30 20:48:33.661976+00
490,4,name135,1,4,3,,0.4285715,0.757142875,29,0.328571375,2025-01-30 20:59:05.081617+00
491,4,name78,1,1,1,"I assume my answers for questions 3,7,8 are correct",0.31785725,0.66428575,38,0.34642850000000003,2025-01-30 21:32:00.382253+00
492,4,name138,1,2,2,,0.5285715,0.91428575,27,0.38571425000000004,2025-01-30 21:40:08.499167+00
493,3,name141,1,4,4,,0.4571427,1,34,0.5428573,2025-01-30 23:06:11.696551+00
494,3,name23,1,5,5,,0.8371428999999999,1,14,0.1628571000000001,2025-01-31 07:40:22.710374+00
495,4,name128,1,1,1,,0.5785715,1,22,0.4214285,2025-01-31 08:44:11.200387+00
496,4,name33,1,5,5,,0.35,1,29,0.65,2025-01-31 09:04:57.828383+00
497,4,name84,1,3,3,,0.5535715,1,21,0.4464285,2025-01-31 09:09:34.209086+00
498,4,name129,1,5,5,,0.546428625,0.928571375,26,0.38214275,2025-01-31 09:12:05.023720+00
499,4,name119,1,1,1,The last one was very annoying,0.475,1,20,0.525,2025-01-31 09:28:45.501756+00
500,4,name65,1,5,5,,0.36428574999999996,1,39,0.63571425,2025-01-31 09:35:59.532357+00
501,4,name29,1,2,2,,0.4979592857142857,0.8653061428571428,24,0.3673468571428571,2025-01-31 10:53:47.514204+00
502,4,name58,1,2,3,,0.446428625,0.725,30,0.27857137499999995,2025-01-31 11:30:16.495287+00
503,4,name63,1,4,2,,0.8114285999999999,0.8114285999999999,5,0,2025-01-31 11:52:36.918791+00
504,4,name41,1,1,1,the automated feedback is garbage. indentation would really help it because the current layout is a hot mess. the emoji's are absolutely useless and make it more cluttered. I want to be able to address each issue individually but I'm having a hard time implementing the automated feedback if it's actually so disorganized.,0.5952381666666667,0.6857143333333333,14,0.09047616666666658,2025-01-31 12:07:15.109049+00
505,2,name157,1,3,3,,0.2514286,1,22,0.7485714,2025-01-31 12:12:57.349099+00
506,1,name157,1,1,2,,0,0.314286,10,0.314286,2025-01-31 12:13:10.978070+00
507,4,name14,1,5,4,,0.757142875,1,10,0.242857125,2025-01-31 12:19:38.903991+00
508,4,name122,1,4,2,,0.33214287499999995,1,27,0.667857125,2025-01-31 12:24:38.526455+00
509,4,name46,1,3,2,,0.38775514285714285,1,25,0.6122448571428571,2025-01-31 12:41:15.126400+00
510,4,name92,1,2,2,,0.36428562499999995,0.928571375,28,0.56428575,2025-01-31 12:46:19.723667+00
511,4,name12,1,3,3,,0.417857125,0.875,34,0.457142875,2025-01-31 12:59:59.586720+00
512,4,name90,1,1,1,,0.592857125,0.942857125,26,0.35,2025-01-31 13:02:39.426947+00
513,4,name146,1,5,5,,0.7321428750000001,1,18,0.2678571249999999,2025-01-31 13:14:52.246732+00
514,4,name93,1,3,3,,0.34285725,1,34,0.65714275,2025-01-31 13:17:25.986152+00
515,4,name57,1,1,2,"The auto feedback was kinda bad. Especially on the last one. 
It kept saying that I had wrong clauses, but the only thing I had different was the naming. 
It got mad that I didnt use ""Ancestor"", but used ""StudentAncestor"". 
Next to that it also didnt want me to use Ancestor A, and then A.student. Just Ancestor.student

I am not 100% sure of course, but I am like 97% that the my SQL would have worked fine",0.396428625,1,42,0.603571375,2025-01-31 13:42:38.749991+00
516,4,name134,1,4,5,,0.767347,1,13,0.232653,2025-01-31 13:48:40.960038+00
517,4,name80,1,4,3,,0.40357149999999997,0.875,21,0.47142850000000003,2025-01-31 13:51:47.048349+00
518,4,name67,1,4,4,,0.546428625,0.867857125,21,0.3214285,2025-01-31 13:53:30.916314+00
519,4,name144,1,2,1,,0.489285625,0.882142875,25,0.39285725,2025-01-31 14:10:54.786601+00
520,4,name157,1,2,2,"I think my answer to question 3 is correct too, I get the right results on DuckDB and do not understand what the feedback wants me to do",0.592857125,0.928571375,20,0.33571425,2025-01-31 14:24:09.800044+00
521,4,name159,1,5,3,,0.47857150000000004,0.925,30,0.4464285,2025-01-31 14:36:29.766888+00
522,4,name40,1,4,4,The autograder does not handle recurion well,0.475000125,1,24,0.524999875,2025-01-31 14:50:32.120504+00
523,4,name147,1,3,3,,0.796428625,1,12,0.203571375,2025-01-31 15:33:39.877973+00
524,4,name137,1,4,4,,0.23928575,1,25,0.76071425,2025-01-31 15:38:50.716234+00
525,4,name55,1,1,1,,0.66428575,1,20,0.33571425,2025-01-31 16:34:40.454074+00
526,3,name112,1,4,2,,0.568254,0.9365078888888889,25,0.3682538888888889,2025-01-31 16:45:47.210638+00
527,4,name7,1,3,3,,0.696428625,1,13,0.303571375,2025-01-31 16:46:33.315134+00
528,4,name16,1,5,2,,0.3035715,1,38,0.6964285,2025-01-31 18:00:24.992764+00
529,4,name70,1,4,4,,0.620408,0.8653061428571428,19,0.24489814285714284,2025-01-31 18:08:35.650882+00
530,4,name114,1,5,5,,0.53571425,1,14,0.46428575000000005,2025-01-31 18:34:59.987844+00
531,4,name112,1,1,1,,0.16428575,0.5785715,24,0.41428575,2025-01-31 18:36:44.593182+00
532,4,name48,1,1,2,,0.24081642857142854,0.8653061428571428,34,0.6244897142857142,2025-01-31 18:46:17.386368+00
533,4,name37,1,1,1,The last few questions were graded poorly for me and I thought the feedback didnt make sense. I ran all the queries locally in DuckDB and got the results that match up with the hints. I was not able to piece together what was wrong with my queries from the feeback.,0.275000125,0.6785715,25,0.403571375,2025-01-31 18:47:34.771619+00
534,4,name145,1,1,1,"The last question kept getting graded poorly for me. I couldn't figure out why since the query works locally on my machine and gives me the correct number of rows from the hint. Looking at the feedback, it seems that the grading system is grading my answer to the answer of another question? In other words, it may be using the wrong template when grading for that question?",0.500000125,0.882142875,19,0.38214275,2025-01-31 18:51:29.480464+00
535,4,name113,1,3,3,,0.5285715,0.83571425,25,0.30714275,2025-01-31 18:52:40.279116+00
536,4,name62,1,5,5,,0.1785715,0.928571375,48,0.749999875,2025-01-31 19:09:33.938025+00
537,4,name30,1,5,4,,0.3183674285714285,0.8653061428571428,37,0.5469387142857143,2025-01-31 19:10:57.891340+00
538,4,name148,1,5,5,,0.76428575,1,10,0.23571425000000001,2025-01-31 19:14:53.224037+00
539,4,name74,1,5,3,,0.632142875,1,17,0.367857125,2025-01-31 19:30:56.894241+00
540,4,name152,1,4,4,,0.85714275,1,11,0.14285725000000005,2025-01-31 19:33:08.532301+00
541,4,name88,1,3,2,,0.632142875,0.928571375,25,0.2964285,2025-01-31 19:45:12.885943+00
542,4,name142,1,3,3,,0.56071425,0.75,23,0.18928575000000003,2025-01-31 20:04:57.432846+00
543,4,name83,1,3,2,,0.3632652857142857,0.7306122857142857,28,0.36734700000000003,2025-01-31 20:39:09.656857+00
544,4,name165,1,1,3,,0.057143,0.057143,4,0,2025-01-31 20:41:01.690458+00
545,4,name23,1,4,4,,0.639285625,0.928571375,18,0.28928575,2025-01-31 20:43:04.194212+00
546,4,name86,1,1,1,"i hate this software i'm sorry the guy who made it seems quite nice but it's so horrible, it gives 0.06/1.00 on queries that work in duckdb for completely arbitrary stylistic reasons and changes to 1.00/1.00 when you find the style it wants & when there is actually a real error the feedback half the time is just a spray-and-pray saying every component of the query is wrong when it's really only one keyword somewhere",0.435714375,1,32,0.564285625,2025-01-31 20:51:33.526397+00
547,4,name50,1,3,5,,0.567857125,0.76428575,23,0.19642862500000002,2025-01-31 20:56:52.502063+00
548,4,name164,1,2,2,,0.85714275,1,13,0.14285725000000005,2025-01-31 20:58:14.836694+00
549,4,name155,1,5,4,,0.803571375,1,13,0.19642862500000002,2025-01-31 21:13:32.112893+00
550,4,name162,1,5,5,,0.882142875,1,10,0.11785712500000001,2025-01-31 21:35:54.394538+00
551,4,name66,1,3,3,,0.6785715,0.942857125,18,0.26428562499999997,2025-01-31 21:51:24.407981+00
552,4,name38,1,2,2,,0.6214284999999999,1,26,0.37857150000000006,2025-01-31 23:19:40.623451+00
553,4,name18,1,3,3,,0.32142875,0.882142875,29,0.5607141250000001,2025-02-01 07:36:31.620808+00
554,4,name85,1,4,4,,0.6178572499999999,1,27,0.3821427500000001,2025-02-01 09:18:40.315572+00
555,4,name95,1,2,2,,0.425000125,0.875,37,0.449999875,2025-02-01 12:56:16.512296+00
556,4,name51,1,5,5,,0.567857125,0.76428575,29,0.19642862500000002,2025-02-02 15:50:16.500110+00
557,4,name39,1,4,4,,0.560714375,0.882142875,34,0.3214285,2025-02-04 12:30:39.660280+00
558,5,name6,1,3,3,,0.6114286,1,8,0.3885714,2025-02-04 14:51:06.643122+00
559,4,name97,1,3,3,,0.621428625,0.9249999999999999,25,0.303571375,2025-02-05 08:20:04.374251+00
560,4,name156,1,3,3,,0.41785712499999994,0.560714375,12,0.14285725000000005,2025-02-05 08:36:26.322916+00
561,5,name129,1,4,4,,0.0971428,1,25,0.9028572,2025-02-05 09:17:01.206351+00
562,5,name90,1,3,2,,0.5714286,1,12,0.42857140000000005,2025-02-05 10:49:47.490415+00
563,4,name53,1,1,1,,0.68571425,0.928571375,18,0.242857125,2025-02-05 11:05:51.692450+00
564,5,name1,1,1,1,,0.6114286,1,12,0.3885714,2025-02-05 11:28:23.270479+00
565,5,name103,1,2,2,,0.9028572,1,8,0.09714279999999997,2025-02-05 11:41:42.084358+00
566,5,name93,1,3,3,auto grader has often time outs and it said that my input was correct but it shouldnt with update exercise,0.34857140000000003,1,19,0.6514286,2025-02-05 12:14:39.685912+00
567,5,name36,1,5,5,,0.4742858,1,14,0.5257142,2025-02-05 12:17:17.862453+00
568,4,name141,1,4,4,,0.40357137499999995,0.8785715,48,0.475000125,2025-02-05 12:44:11.070416+00
569,5,name141,1,2,2,autograder kept timing out on exercise 5,0.7828572,1,7,0.21714279999999997,2025-02-05 13:06:29.296775+00
570,5,name26,1,2,2,,0.13333333333333333,1,20,0.8666666666666667,2025-02-05 13:28:51.934366+00
571,5,name2,1,1,1,,0.6238095,1,17,0.3761905,2025-02-05 13:29:33.298185+00
572,5,name121,1,5,5,,0.7380951666666666,1,10,0.26190483333333336,2025-02-05 13:30:03.567057+00
573,5,name105,1,1,1,,0.6333333333333333,1,12,0.3666666666666667,2025-02-05 13:31:34.158412+00
574,5,name133,1,4,4,,0.2714285,1,21,0.7285714999999999,2025-02-05 13:50:52.527748+00
575,5,name45,1,3,1,,0.8095236666666666,1,16,0.19047633333333336,2025-02-05 13:59:22.567344+00
576,5,name15,1,4,3,,0.6523808333333333,1,9,0.3476191666666667,2025-02-05 14:00:15.790733+00
577,5,name17,1,3,3,,0.5714285,1,15,0.4285715,2025-02-05 14:40:30.384895+00
578,5,name34,1,4,4,,0.23809516666666666,1,19,0.7619048333333334,2025-02-05 15:12:13.599063+00
579,4,name154,1,5,5,,0.782142875,1,15,0.21785712499999998,2025-02-05 16:11:53.701799+00
580,5,name127,1,4,3,,0.4523808333333333,1,14,0.5476191666666668,2025-02-05 17:50:08.298719+00
581,5,name102,1,3,2,,0.8095236666666666,1,11,0.19047633333333336,2025-02-05 18:15:43.085425+00
582,5,name113,1,4,4,,0.45714283333333333,1,13,0.5428571666666666,2025-02-05 18:22:53.293334+00
583,5,name24,1,3,2,,0.6523808333333333,1,11,0.3476191666666667,2025-02-05 19:01:02.494550+00
584,5,name135,1,5,4,,0.49523800000000007,1,20,0.5047619999999999,2025-02-05 19:35:37.149684+00
585,5,name76,1,1,1,"I think a lot of answers were wrong. It said in a question to use the isbn of another question, the feedback said to use another isbn. Also the last question should have also allowed ALTER TABLE I think, but it did not. This weeks question did not help at all with the understanding as the answers did not match the questions.",0.4666666666666666,1,16,0.5333333333333334,2025-02-06 05:26:02.667174+00
586,5,name53,1,3,2,"The feedback is quite vague for some questions. For one question, I believe question 4, I wasn't able to even run my code for hours, it only worked the day after.",0.6238095,1,14,0.3761905,2025-02-06 06:19:04.334111+00
587,4,name115,1,3,2,,0.33571425,1,37,0.66428575,2025-02-06 07:30:54.158626+00
588,5,name87,1,5,5,,0.5904761666666666,1,11,0.4095238333333334,2025-02-06 07:34:16.403554+00
589,4,name52,1,5,5,,0.382143,0.692857125,24,0.31071412499999995,2025-02-06 07:41:05.520209+00
590,5,name138,1,2,2,,0.5571428333333334,0.8333333333333334,21,0.2761905,2025-02-06 07:49:41.433330+00
591,5,name98,1,3,3,"It was okay, but on question 6 it was very strict with the integers, I had (weight > 9 AND weight < 1001) even though this is correct, it counted it as wrong.",0.3857143333333333,1,23,0.6142856666666667,2025-02-06 07:58:55.760948+00
592,5,name104,1,1,2,,0.6619046666666667,1,11,0.3380953333333333,2025-02-06 08:01:36.000297+00
593,5,name31,1,2,2,,0.5,0.7190476666666666,24,0.21904766666666664,2025-02-06 08:05:21.325486+00
594,5,name118,1,5,2,,0.48571433333333336,1,14,0.5142856666666666,2025-02-06 08:12:59.815364+00
595,5,name117,1,3,3,,0.3333333333333333,1,28,0.6666666666666667,2025-02-06 08:13:22.916617+00
596,5,name107,1,1,1,,0.5761903333333332,1,11,0.42380966666666675,2025-02-06 08:13:32.741528+00
597,5,name119,1,1,2,It gave me sometimes unneccesary/missleading feedback,0.642857,1,15,0.357143,2025-02-06 08:14:19.087974+00
598,5,name54,1,3,3,,0.8285713333333332,1,8,0.17142866666666678,2025-02-06 08:14:29.429871+00
599,5,name106,1,1,1,,0.5714285,1,10,0.4285715,2025-02-06 08:15:19.343486+00
600,5,name115,1,5,5,,0.3333333333333333,1,31,0.6666666666666667,2025-02-06 08:18:46.672783+00
601,5,name116,1,3,2,"In question 5, the ISBN used in the auto grader is different from the ISBN listed in the previous question, so it did not accept deleting the ISBN listed in the previous question.",0.5904761666666667,1,11,0.4095238333333333,2025-02-06 08:19:35.045709+00
602,5,name94,1,2,1,"In question 5, the ISB number in the internal database was incorrectly set.
Furthermore, the query `TRUNCATE TABLE Book;` correctly demonstrated the constraint working properly, but it was not accepted.",0.6714284999999999,1,10,0.3285715000000001,2025-02-06 08:19:56.343265+00
603,5,name20,1,2,2,"It would help if the questions contained the information you need to add
Especially when it tells you data will be the same as a previous assignment, where it just, isn't",0.5095238333333333,1,16,0.4904761666666667,2025-02-06 08:22:15.066501+00
604,5,name108,1,5,5,,0.595238,1,19,0.40476199999999996,2025-02-06 08:24:10.805014+00
605,5,name19,1,3,2,,0.45714283333333333,1,21,0.5428571666666666,2025-02-06 08:25:07.493877+00
606,5,name126,1,4,3,"Please explain why for example to use varchar. Now my friends and i felt a bit like copy robots and did not understand why to use varchar, rather than integers. We had this multiple times",0.08095233333333333,1,30,0.9190476666666667,2025-02-06 08:29:43.203221+00
607,5,name125,1,4,2,"yes, maybe add the values we should insert in the exercises itself. since it is not intuitive to look at the HINT at the beginning when making exercise",0.2571426666666667,1,24,0.7428573333333333,2025-02-06 08:29:49.986042+00
608,5,name122,1,2,1,"the autograder wants a very specific sql code, even tho there are other valid solutions",0.27619033333333337,1,24,0.7238096666666667,2025-02-06 08:32:33.057961+00
609,5,name120,1,3,3,,0.45714283333333333,1,20,0.5428571666666666,2025-02-06 08:32:42.758763+00
610,5,name158,1,4,4,,0.4238095,1,16,0.5761905,2025-02-06 08:32:45.863730+00
611,5,name128,1,4,4,,0.45714283333333333,1,11,0.5428571666666666,2025-02-06 08:34:40.795665+00
612,5,name130,1,5,3,,0.4047618333333333,1,24,0.5952381666666666,2025-02-06 08:37:09.473229+00
613,5,name22,1,3,2,"The questions were very badly worded, as it was not obvious in the last question that you were meant to use >= and <= instead of > and <",0.5,1,22,0.5,2025-02-06 08:44:13.253284+00
614,5,name111,1,4,2,Questions were hard to understand and could be interpreted in several ways.,0.6238095,1,13,0.3761905,2025-02-06 08:44:22.969890+00
615,5,name136,1,4,4,"Some questions are semantically confusing with the output that is desired. E.g. the last question says weight lower than 10 is not allowed, but then we need to make a constraint with \GE (<=) than 10. Which does not make sense to me based on the text. So then the feedback does help to correct the mistake, but the mistake in general does not make sense to me. ",0.34285716666666666,1,22,0.6571428333333333,2025-02-06 08:45:00.887124+00
616,5,name157,1,4,3,There were 2 questions where I had to look at the answer because something was graded that wasn't asked in the question,0.5380951666666667,1,17,0.4619048333333333,2025-02-06 08:52:55.365674+00
617,5,name143,1,4,4,,0.3095236666666667,1,21,0.6904763333333332,2025-02-06 08:53:43.957545+00
618,5,name28,1,3,3,,1,1,7,0,2025-02-06 09:07:37.332430+00
619,5,name91,1,4,4,,0.5714285,1,16,0.4285715,2025-02-06 09:10:02.792604+00
620,5,name75,1,4,3,,0.7904761666666666,1,8,0.20952383333333335,2025-02-06 09:10:56.493250+00
621,4,name5,1,4,3,,0.632142875,0.942857125,23,0.31071424999999997,2025-02-06 09:11:59.953679+00
622,5,name25,1,5,5,,0.6761905,0.8857143333333334,9,0.20952383333333335,2025-02-06 09:13:39.523003+00
623,5,name21,1,4,4,,0.25238083333333333,1,23,0.7476191666666667,2025-02-06 09:16:48.536048+00
624,5,name109,1,2,2,,0.08095233333333333,0.9238095,32,0.8428571666666667,2025-02-06 09:22:43.519905+00
625,5,name29,1,2,2,,0.4047618333333333,0.8333333333333334,20,0.42857150000000005,2025-02-06 09:26:54.332681+00
626,5,name124,1,1,1,Sometimes it just deletes freshly written code for no real reason,0.3285713333333333,1,20,0.6714286666666667,2025-02-06 09:28:40.879343+00
627,5,name10,1,3,3,,0.4666666666666666,1,14,0.5333333333333334,2025-02-06 10:17:49.789460+00
628,5,name100,1,5,5,good feedback!,0.19999999999999998,1,15,0.8,2025-02-06 11:12:33.319949+00
629,5,name99,1,4,4,,0.7904761666666666,1,11,0.20952383333333335,2025-02-06 11:18:50.947118+00
630,5,name86,1,2,1,the only 10 runs thing is bullshit im 99% sure my answer on 6 is correct now but the last run i did had unnecessary NOT NULLs (not wrong btw just unnecessary) and the autograder doesn't like that and now i can't run again,0.12380966666666667,0.9238095,35,0.7999998333333332,2025-02-06 11:53:51.705152+00
631,5,name65,1,5,5,,0.4142856666666666,1,18,0.5857143333333334,2025-02-06 12:06:44.416762+00
632,5,name148,1,5,4,,0.6238096666666667,1,16,0.3761903333333333,2025-02-06 12:11:20.494727+00
633,5,name38,1,3,3,,0.4142856666666666,1,19,0.5857143333333334,2025-02-06 12:24:06.362671+00
634,5,name89,1,5,5,,0.7476189999999999,1,10,0.2523810000000001,2025-02-06 12:38:43.922144+00
635,5,name5,1,5,5,,0.6761905,1,13,0.3238095,2025-02-06 12:43:37.845346+00
636,5,name140,1,1,1,,0.3999998333333334,1,12,0.6000001666666666,2025-02-06 13:20:17.837638+00
637,5,name79,1,4,5,,0.2904761666666667,1,27,0.7095238333333334,2025-02-06 13:40:44.906222+00
638,5,name30,1,5,4,,0.3190475,1,18,0.6809525000000001,2025-02-06 14:02:45.362256+00
639,5,name144,1,4,3,,0.3619046666666666,1,14,0.6380953333333335,2025-02-06 14:03:54.555891+00
640,5,name7,1,4,3,,0.7904761666666666,1,9,0.20952383333333335,2025-02-06 15:15:39.120227+00
641,5,name9,1,4,4,,0.12380966666666667,1,23,0.8761903333333333,2025-02-06 15:20:18.996536+00
642,5,name58,1,5,4,,0.30952383333333333,1,15,0.6904761666666667,2025-02-06 15:28:03.708652+00
643,5,name51,1,5,5,,0.7476189999999999,1,9,0.2523810000000001,2025-02-06 16:19:35.313277+00
644,5,name12,1,4,5,,0.6666666666666666,1,14,0.33333333333333337,2025-02-06 16:39:29.865835+00
645,5,name4,1,3,3,,0.642857,1,18,0.357143,2025-02-06 17:02:48.925793+00
646,5,name3,1,4,3,"I believe some of the checks might have been incorrect, as it told me to put specific values in there which were never given in the question (the question where you had to put two entrees with the same isbn) and one of the last questions said to assume the same isbn as the question before, while the auto checker told me to put a totally different isbn",0.4047618333333333,1,15,0.5952381666666666,2025-02-06 17:08:43.882367+00
647,5,name50,1,5,5,,0.5714285,1,16,0.4285715,2025-02-06 19:02:22.913952+00
648,5,name97,1,4,4,,0.5095238333333333,1,18,0.4904761666666667,2025-02-06 19:29:40.200548+00
649,5,name101,1,1,1,,0.5714285,1,14,0.4285715,2025-02-07 08:06:14.033116+00
650,5,name40,1,3,2,"auto grader feedback decent for the table creation, i think the more complicated the worse the feedback becomes",0.48571416666666667,1,17,0.5142858333333333,2025-02-07 08:55:50.025700+00
651,5,name132,1,2,2,,0.8333333333333334,0.8333333333333334,24,0,2025-02-07 09:56:13.651259+00
652,5,name63,1,2,2,,0.34285716666666666,0.8857143333333334,25,0.5428571666666667,2025-02-07 09:56:47.205297+00
653,5,name61,1,1,1,,0.43809516666666665,0.43809516666666665,9,0,2025-02-07 10:01:16.221713+00
654,5,name160,1,1,1,"Stop lying in assignments. I read what it says. If its says to add constraints, then don't reduce points when adding constraints.",0.43809516666666665,1,14,0.5619048333333334,2025-02-07 10:21:57.840937+00
655,5,name64,1,4,3,,0.6523808333333333,1,11,0.3476191666666667,2025-02-07 10:43:40.852533+00
656,5,name57,1,3,2,,0.3190475,1,16,0.6809525000000001,2025-02-07 11:03:21.448795+00
657,5,name67,1,4,4,,0.5809523333333333,1,10,0.4190476666666667,2025-02-07 11:46:37.292390+00
658,5,name77,1,5,5,,0.3714285,1,21,0.6285715000000001,2025-02-07 11:50:45.056547+00
659,5,name155,1,5,5,,0.39523816666666667,1,23,0.6047618333333333,2025-02-07 12:04:06.480826+00
660,5,name71,1,5,4,,0.3095236666666667,1,25,0.6904763333333332,2025-02-07 12:22:18.385661+00
661,5,name32,1,5,4,,0.5,1,14,0.5,2025-02-07 12:33:42.989931+00
662,5,name159,1,3,4,,0.7904761666666666,0.9238095,9,0.1333333333333333,2025-02-07 12:56:38.904962+00
663,5,name146,1,5,5,,0.7476189999999999,1,9,0.2523810000000001,2025-02-07 13:01:45.308268+00
664,5,name43,1,3,3,,0.2285715,1,21,0.7714285,2025-02-07 13:17:19.175282+00
665,5,name35,1,2,1,"Doesnt accept the other isbn in  question 5, marks usage of between in question 6 as faulty although its ok and makes u create a table instead of altering it",0.47619049999999996,1,18,0.5238095,2025-02-07 13:26:58.670204+00
666,5,name123,1,2,4,,0.7380951666666666,1,12,0.26190483333333336,2025-02-07 13:33:54.894176+00
667,5,name85,1,2,2,,0.6714284999999999,1,18,0.3285715000000001,2025-02-07 13:43:59.780970+00
668,5,name14,1,5,4,,0.8095236666666666,1,8,0.19047633333333336,2025-02-07 13:49:36.963712+00
669,4,name35,1,1,1,,0.625,0.942857125,21,0.31785712499999996,2025-02-07 14:03:18.889771+00
670,5,name73,1,4,3,,0.8857143333333334,1,7,0.11428566666666662,2025-02-07 14:04:19.804075+00
671,5,name134,1,4,4,,0.7904761666666666,1,10,0.20952383333333335,2025-02-07 14:17:59.203668+00
672,5,name163,1,4,2,,0.6428569999999999,1,13,0.3571430000000001,2025-02-07 14:40:00.008743+00
673,5,name92,1,2,2,,0.4095238333333333,0.9238095,23,0.5142856666666666,2025-02-07 15:00:38.966665+00
674,5,name151,1,3,3,,0.8095236666666666,1,10,0.19047633333333336,2025-02-07 15:04:48.783802+00
675,5,name18,1,2,2,,0.45714283333333333,0.9238095,20,0.4666666666666666,2025-02-07 15:35:33.179146+00
676,5,name137,1,5,5,,0.8190474999999999,1,8,0.18095250000000007,2025-02-07 15:45:25.200224+00
677,5,name78,1,2,2,,0.34285716666666666,1,26,0.6571428333333333,2025-02-07 15:51:53.203558+00
678,5,name11,1,2,3,,0.6333333333333333,1,11,0.3666666666666667,2025-02-07 16:00:11.544868+00
679,5,name95,1,5,3,,0.3619046666666667,1,19,0.6380953333333332,2025-02-07 16:26:41.572709+00
680,5,name23,1,5,5,,0.6428571666666666,1,9,0.3571428333333334,2025-02-07 16:37:37.410628+00
681,5,name59,1,5,4,,0.6619046666666667,1,9,0.3380953333333333,2025-02-07 17:15:41.932888+00
682,5,name68,1,3,4,,0.595238,1,23,0.40476199999999996,2025-02-07 17:22:48.644646+00
683,5,name16,1,5,5,,0.9047618333333333,1,7,0.09523816666666673,2025-02-07 17:49:41.148991+00
684,5,name154,1,3,3,,0.019047666666666668,1,32,0.9809523333333333,2025-02-07 17:50:32.781924+00
685,5,name55,1,2,2,,0.7380951666666666,1,12,0.26190483333333336,2025-02-07 18:20:13.377758+00
686,5,name139,1,4,4,,0.5095238333333333,1,11,0.4904761666666667,2025-02-07 18:52:19.166736+00
687,5,name56,1,4,4,,0.5714285,1,13,0.4285715,2025-02-07 19:04:44.624331+00
688,5,name165,1,3,3,,0.6190476666666667,0.6190476666666667,6,0,2025-02-07 19:07:14.055948+00
689,4,name82,1,3,3,,0.132143,0.882142875,31,0.749999875,2025-02-07 19:15:26.297254+00
690,5,name70,1,5,5,,0.6428571666666666,1,10,0.3571428333333334,2025-02-07 19:32:31.160636+00
691,5,name150,1,5,5,,0.3,1,34,0.7,2025-02-07 19:32:39.419678+00
692,5,name74,1,5,3,,0.43809516666666665,1,17,0.5619048333333334,2025-02-07 19:39:41.644510+00
693,5,name83,1,4,5,,0.37142849999999994,1,15,0.6285715000000001,2025-02-07 19:49:49.694564+00
694,5,name114,1,5,5,,0.8285713333333332,1,8,0.17142866666666678,2025-02-07 19:54:58.055082+00
695,5,name62,1,5,5,,0.7428569999999999,1,18,0.2571430000000001,2025-02-07 20:02:38.125725+00
696,5,name142,1,4,4,,0.7904761666666666,1,15,0.20952383333333335,2025-02-07 20:05:24.998347+00
697,5,name161,1,2,2,,0.4142856666666666,1,25,0.5857143333333334,2025-02-07 20:11:08.343983+00
698,5,name84,1,4,4,,0.6333333333333333,1,9,0.3666666666666667,2025-02-07 20:22:48.830861+00
699,5,name82,1,3,3,,0.06190483333333333,1,28,0.9380951666666667,2025-02-07 20:26:41.489263+00
700,5,name164,1,4,3,"In Question 5 the wrong isbn was used. It said in the question to use the isbn mentioned in the previous question but when using this isbn the statement returned an error. However, the feedback mentioned the correct isbn number",0.7142856666666667,1,9,0.2857143333333333,2025-02-07 20:27:00.109757+00
701,5,name152,1,3,4,,0.6333333333333333,1,10,0.3666666666666667,2025-02-07 20:27:33.357511+00
702,5,name156,1,3,3,,0.3190475,0.8428571666666667,16,0.5238096666666667,2025-02-07 20:43:56.896202+00
703,5,name46,1,3,3,,0.6619046666666667,0.9333333333333332,18,0.27142866666666654,2025-02-07 20:46:45.279804+00
704,5,name72,1,3,2,,0.4142856666666666,0.6190475,24,0.20476183333333337,2025-02-07 20:47:31.908718+00
705,5,name162,1,5,5,,0.8095236666666666,0.8095236666666666,9,0,2025-02-07 20:49:29.865299+00
706,5,name48,1,2,2,,0.6,1,6,0.4,2025-02-07 20:58:24.591938+00
707,5,name153,1,4,3,I could not understand the feedback on the exercise with deleting rows,0.3,0.9047618333333333,30,0.6047618333333333,2025-02-07 20:58:56.474970+00
708,5,name66,1,3,3,,0.7476189999999999,1,9,0.2523810000000001,2025-02-07 22:27:13.120649+00
709,5,name112,1,3,2,,0.7904761666666666,1,13,0.20952383333333335,2025-02-09 17:42:55.996922+00
710,5,name131,1,2,1,,0.3285713333333333,0.9047618333333333,38,0.5761904999999999,2025-02-10 14:45:38.420095+00
711,4,name151,1,2,1,"The autograder doesnt seem to like solutions which use joins, and just says they are wrong",0.3020408571428571,0.8857142857142858,28,0.5836734285714287,2025-02-11 11:06:47.413621+00
712,6,name164,1,2,1,I felt like the autograder was very picky in the syntax and it was annoying to figure out the exact formulation that it wanted. ,0.314286,1,6,0.6857139999999999,2025-02-11 16:40:38.846947+00
713,6,name76,1,3,2,"The autograder does not always accept synonyms. E.g. When I use FROM Movie and Movie.mid it graded it as wrong, but when I use FROM Movie m and m.mid it graded it right. In my eyes these are the same.",0.428571,1,3,0.571429,2025-02-11 16:49:29.776403+00
714,6,name43,1,3,3,,0.428571,1,10,0.571429,2025-02-11 19:30:47.100640+00
715,2,name166,1,5,5,,0.4742858,1,16,0.5257142,2025-02-11 23:29:00.971521+00
716,6,name103,1,2,2,,0.314286,1,8,0.6857139999999999,2025-02-12 07:17:31.546631+00
717,6,name104,1,1,1,"not great, was complaining about nothing",0,1,7,1,2025-02-12 07:17:40.458468+00
718,6,name17,1,3,3,,0.314286,1,7,0.6857139999999999,2025-02-12 07:28:53.981266+00
719,6,name129,1,5,5,,0.428571,1,9,0.571429,2025-02-12 07:33:11.941610+00
720,6,name1,1,1,1,,0.428571,1,2,0.571429,2025-02-12 07:35:53.787219+00
721,6,name24,1,2,2,,0.428571,1,3,0.571429,2025-02-12 08:58:51.514575+00
722,6,name93,1,3,3,,0.314286,1,2,0.6857139999999999,2025-02-12 09:11:21.933517+00
723,6,name91,1,1,1,,0.428571,1,7,0.571429,2025-02-12 09:26:09.687660+00
724,6,name132,1,1,1,It was super picky. I think I got it right on the first try but it wouldn't accept it.,0,1,10,1,2025-02-12 09:29:07.911964+00
725,6,name71,1,2,2,,0.057143,0.542857,10,0.48571400000000003,2025-02-12 09:34:55.100368+00
726,6,name36,1,5,5,,0.314286,1,7,0.6857139999999999,2025-02-12 10:12:59.975672+00
727,6,name2,1,1,1,,,0,0,,2025-02-12 10:27:34.373647+00
728,6,name105,1,2,1,,0.428571,1,2,0.571429,2025-02-12 13:00:03.939450+00
729,2,name163,1,5,3,,0.297143,1,11,0.7028570000000001,2025-02-12 13:09:57.137243+00
730,6,name163,1,4,3,,0.428571,1,6,0.571429,2025-02-12 13:15:16.365038+00
731,6,name101,1,1,1,,0.314286,1,3,0.6857139999999999,2025-02-12 13:16:25.428282+00
732,6,name15,1,3,3,"The autograder told me my first query was incorrect but the only thing that was different about my query and the expected query was that I didn't rename my movie table to ""m"" when referencing it? So I had ""Language.mid = Movie.mid"" when it expected ""Language.mid = m.mid"". I think my query should have been graded as correct?",0.542857,1,2,0.45714299999999997,2025-02-12 13:49:04.862467+00
733,6,name133,1,1,1,,0.2,0.428571,10,0.22857099999999997,2025-02-12 13:58:39.328679+00
734,6,name7,1,1,1,,0,0.542857,10,0.542857,2025-02-12 14:12:33.573914+00
735,6,name32,1,4,3,,0.542857,1,4,0.45714299999999997,2025-02-12 14:13:29.942695+00
736,6,name120,1,3,1,,0.428571,1,10,0.571429,2025-02-12 14:29:57.916299+00
737,6,name98,1,2,1,The feedback did not give me the insight needed to create a subquerry due to needing to handle different languages and otherwise neglecting more than needed.,0,1,5,1,2025-02-12 15:35:49.306690+00
738,6,name97,1,4,4,,0,0.428571,8,0.428571,2025-02-12 16:20:20.999290+00
739,6,name154,1,3,5,,0,1,10,1,2025-02-12 16:55:42.575086+00
740,6,name45,1,3,2,,0,1,5,1,2025-02-12 18:14:56.567310+00
741,6,name12,1,5,4,,0.428571,1,4,0.571429,2025-02-12 19:04:30.850798+00
742,6,name134,1,4,4,,0.428571,1,7,0.571429,2025-02-12 19:32:23.794572+00
743,6,name50,1,4,4,,0.314286,1,4,0.6857139999999999,2025-02-12 19:34:21.182347+00
744,6,name159,1,4,4,,0.428571,1,5,0.571429,2025-02-12 19:59:16.573330+00
745,6,name116,1,1,1,For some reason it wanted me to use specifically `=` instead of `==`,0.314286,1,10,0.6857139999999999,2025-02-13 06:02:37.371877+00
746,5,name52,1,4,4,,0.5333333333333333,1,11,0.4666666666666667,2025-02-13 06:05:13.627236+00
747,6,name52,1,2,2,,0.314286,0.428571,5,0.11428499999999997,2025-02-13 06:10:15.792546+00
748,6,name28,1,3,3,,1,1,2,0,2025-02-13 06:24:05.286224+00
749,6,name130,1,2,2,,0.2,0.428571,10,0.22857099999999997,2025-02-13 06:47:35.986250+00
750,6,name31,1,1,1,,0.314286,0.542857,3,0.22857100000000002,2025-02-13 07:03:03.757707+00
751,6,name102,1,1,1,,0.314286,1,6,0.6857139999999999,2025-02-13 07:23:26.743444+00
752,6,name158,1,4,3,,0.2,1,5,0.8,2025-02-13 07:35:51.094033+00
753,6,name108,1,5,5,,0.314286,1,4,0.6857139999999999,2025-02-13 07:38:55.297549+00
754,6,name20,1,1,1,,0.2,1,8,0.8,2025-02-13 07:48:29.580453+00
755,6,name160,1,1,1,Bad feedback,0.314286,1,4,0.6857139999999999,2025-02-13 07:48:35.675970+00
756,6,name155,1,3,3,,0,1,6,1,2025-02-13 07:52:46.870441+00
757,6,name54,1,1,1,"Did not recognize table name in double quotes, and copying the exact right answer from the TA somehow did not go through as the correct answer.",0.428571,1,8,0.571429,2025-02-13 07:53:55.218447+00
758,6,name26,1,2,1,,0.2,1,5,0.8,2025-02-13 07:54:08.208906+00
759,6,name115,1,3,3,,0,1,8,1,2025-02-13 07:56:45.941941+00
760,6,name117,1,1,2,,0,1,8,1,2025-02-13 07:56:55.961333+00
761,6,name19,1,2,1,"The feedback was that i should rename my table movies to M and it checked for this.
The renaming was 0.46 of the points",0,1,6,1,2025-02-13 07:59:22.437309+00
762,6,name126,1,3,3,,0,1,7,1,2025-02-13 08:10:35.811068+00
763,6,name124,1,1,1,,0.314286,1,7,0.6857139999999999,2025-02-13 08:11:43.866827+00
764,6,name119,1,2,1,it is incredebly unhelpful,0,1,4,1,2025-02-13 08:13:59.363119+00
765,6,name106,1,1,1,,0.314286,1,2,0.6857139999999999,2025-02-13 08:18:04.907129+00
766,6,name107,1,1,1,,0.2,1,8,0.8,2025-02-13 08:18:56.643172+00
767,6,name38,1,3,3,,0.428571,1,2,0.571429,2025-02-14 13:11:40.812190+00
768,6,name18,1,1,1,,0.428571,0.542857,10,0.11428600000000005,2025-02-14 13:16:18.493173+00
769,6,name87,1,5,5,,0.428571,1,2,0.571429,2025-02-14 13:40:32.747937+00
770,6,name145,1,2,1,,0.428571,1,9,0.571429,2025-02-20 11:59:51.229471+00
771,4,name166,1,3,1,,0.607142875,0.8571428750000001,16,0.2500000000000001,2025-02-20 19:51:03.210078+00
772,6,name94,1,1,1,Ẁ̴̢̧̢̨̧̡̡̡̨̧͍̘̭͉͎͙̘̝̺̪̤̬̩̖̙̬̫̟͕̱̭̣̼͈͎͔͔͕̼̬̯̙͙̞̝͎̗̣̖̬̱̙̙̫̤̼̻̔̊̽̈̔̿̈́̿̔̓̈́̉͛͗̆̈́͒͊͋̐̅̈́͗̈͊̉̚͜͜͝͝͠ͅḨ̸̢̨̢͇̣͚͉̺͎̟͚̰̰̙͓̟̱̖̭̪̫̫̩̼̞̗̥̞̹̪̫͇͚̱̥̼͔̬͎̣͙̮͖̣͓̦̭͎̦̼͕̼͕̤̝̣̪̦̣͎̻͓̳̠̝̙̤̦̿͐̋͑͆͊̀̅̓̔̌̅̉͊̓̓̂̇͌̑̐͊̄͐͑̐͋̃̍̐́̊͒̀̈́̀̑̑̓̑̑̎̈́̀͋́̂̂̒͑̈́̓̿̆̅̉̄͑̒̎͒͊̏̌͘̕̚͘͝͠͝Y̷̧̡̨̢̨̡̨̨̧̡̨̨̛̛͉̪̭̟͓̰͕̥͇̪̱̦̱̻̜̯͍̥̤̼̱̥͙̦̬̜̙͔̝̤̯̬͔͇̫̣̙̼̜͚͍̖̖͍̙̙͕͈̤͈̫̯̠͍̬̳̙͖̝̟̹̱̮̒̌̉̃̐̂͆͌̄̄̀̋͗̽̉̐̅̆̈́̋͐͋͊͐́͌̇̍̎͌̀̉̾̂̓͛͆̍̏͋̑̄͌̃͊́͘̕͘͜͠͠͝ͅͅͅ?̴̧̢̧̨̨̧̧͖̻̮͇̳̖͈̤͚̪̲͍̼͔̺̠̫̗͔̜̻̬̞̩̤͓̲͇͕̓,0.542857,1,5,0.45714299999999997,2025-02-13 08:21:33.863934+00
773,6,name118,1,4,1,Don't get how changing Movie to Movie m (and Movie. to m.) made the query work?,0.314286,1,9,0.6857139999999999,2025-02-13 08:22:45.877019+00
774,6,name22,1,1,1,tweaker  system,0.314286,1,9,0.6857139999999999,2025-02-13 08:27:09.077428+00
775,6,name111,1,2,2,feedback was usesless,0.428571,1,9,0.571429,2025-02-13 08:28:18.799096+00
776,6,name136,1,2,2,"This time socoles did not work well, I don't even know why my nineth try was wrong, and my last try was correct. I don't see the difference at all",0,1,10,1,2025-02-13 08:29:02.134416+00
777,6,name143,1,3,4,,0.2,1,5,0.8,2025-02-13 08:35:11.689163+00
778,6,name128,1,1,1,,0.2,0.428571,10,0.22857099999999997,2025-02-13 08:38:09.875913+00
779,6,name139,1,2,2,,0.314286,1,3,0.6857139999999999,2025-02-13 08:44:33.914865+00
780,6,name25,1,5,5,,0.428571,1,2,0.571429,2025-02-13 09:31:55.188418+00
781,6,name21,1,1,1,"The feedback was absolutely useless this assignment, sorry",0.2,1,10,0.8,2025-02-13 10:04:59.806416+00
782,6,name90,1,1,1,,0,0.428571,10,0.428571,2025-02-13 10:33:52.035688+00
783,6,name99,1,4,4,,0.314286,1,2,0.6857139999999999,2025-02-13 10:55:38.187667+00
784,6,name39,1,2,2,,0,0.542857,10,0.542857,2025-02-13 11:23:29.222856+00
785,6,name16,1,1,1,automated feedback was unfortunately more  confusing than anything,0,0.428571,10,0.428571,2025-02-13 11:42:49.762641+00
786,6,name64,1,2,2,,0.428571,1,2,0.571429,2025-02-13 12:27:58.749427+00
787,6,name42,1,5,5,,0.428571,1,4,0.571429,2025-02-13 13:18:07.345931+00
788,6,name33,1,5,5,,0.428571,1,5,0.571429,2025-02-13 13:19:12.402512+00
789,5,name33,1,5,5,,0.8095236666666666,0.9047618333333333,7,0.09523816666666662,2025-02-13 13:22:50.673668+00
790,5,name42,1,5,5,,0.6666666666666666,0.7619048333333334,11,0.09523816666666673,2025-02-13 13:23:35.133353+00
791,6,name3,1,2,2,Why did changing 'Movie' and 'Language' to 'Movie M' and 'Language L' and then using 'M' and 'L' fix my problem?,0.314286,1,5,0.6857139999999999,2025-02-13 13:23:39.945941+00
792,6,name75,1,5,2,,0.428571,1,2,0.571429,2025-02-13 13:45:10.557369+00
793,6,name9,1,3,3,,0.428571,1,9,0.571429,2025-02-13 14:13:19.564391+00
794,6,name10,1,3,3,,0.428571,1,6,0.571429,2025-02-13 14:24:24.948662+00
795,5,name27,1,3,2,,0.19523816666666668,1,25,0.8047618333333333,2025-02-13 14:38:34.672654+00
796,6,name6,1,2,2,,0.428571,1,7,0.571429,2025-02-13 15:14:11.424402+00
797,3,name49,1,4,3,-,0.5371427,1,32,0.4628573,2025-02-13 15:22:36.953799+00
798,6,name14,1,4,3,,0.428571,1,2,0.571429,2025-02-13 15:24:47.803180+00
799,6,name95,1,3,3,,0.2,0.314286,8,0.114286,2025-02-13 16:28:24.666788+00
800,6,name147,1,3,3,,0.428571,1,2,0.571429,2025-02-13 16:34:18.746089+00
801,6,name123,1,2,3,,0,1,4,1,2025-02-13 19:27:12.617681+00
802,6,name27,1,3,2,,0.2,1,7,0.8,2025-02-13 19:48:29.400696+00
803,6,name135,1,3,3,,0,0.542857,10,0.542857,2025-02-13 21:02:48.416809+00
804,6,name34,1,4,4,,0.314286,1,9,0.6857139999999999,2025-02-13 21:51:03.818630+00
805,6,name109,1,1,1,,0,1,9,1,2025-02-14 07:19:58.571371+00
806,6,name61,1,1,1,,0.314286,0.428571,2,0.11428499999999997,2025-02-14 07:46:45.915879+00
807,6,name53,1,1,1,,0.428571,1,5,0.571429,2025-02-14 08:16:28.532451+00
808,6,name114,1,5,5,,0.428571,1,3,0.571429,2025-02-14 08:59:20.247513+00
809,6,name89,1,3,4,,0.428571,1,5,0.571429,2025-02-14 09:24:59.809619+00
810,6,name140,1,1,1,,0.428571,1,8,0.571429,2025-02-14 09:41:13.428853+00
811,6,name83,1,4,4,,0,1,9,1,2025-02-14 09:42:59.695351+00
812,6,name80,1,4,3,,0,1,6,1,2025-02-14 09:50:04.703942+00
813,6,name63,1,1,1,,0.314286,0.314286,3,0,2025-02-14 10:06:55.288249+00
814,6,name92,1,2,3,,0.314286,1,7,0.6857139999999999,2025-02-14 11:45:51.479369+00
815,6,name40,1,2,2,Autograder was quite confusing for this question,0.314286,1,7,0.6857139999999999,2025-02-14 11:59:31.083270+00
816,6,name127,1,4,2,,0.2,1,7,0.8,2025-02-14 12:14:44.590794+00
817,6,name146,1,5,5,,0.428571,1,2,0.571429,2025-02-14 12:33:26.426077+00
818,6,name65,1,5,5,,0.428571,1,8,0.571429,2025-02-14 13:01:19.565668+00
819,6,name157,1,1,1,My original answer would have resulted in the same result. But SOCOLES wanted the SELECT statements to contain '*'. I get that it is harder to implement that too and it might be better to use * more often but it was quite frustrating and unclear that that it was was needed between all the error messages,0.428571,1,3,0.571429,2025-02-14 13:40:32.848997+00
820,3,name113,1,3,3,,0.5057143,0.9,25,0.39428570000000007,2025-02-14 14:18:40.875487+00
821,6,name113,1,3,3,,0.428571,1,5,0.571429,2025-02-14 14:25:59.004904+00
822,6,name86,1,3,3,didnt use it,0.314286,1,2,0.6857139999999999,2025-02-14 14:26:23.524916+00
823,6,name66,1,3,3,,0.2,1,6,0.8,2025-02-14 14:45:13.980427+00
824,6,name77,1,2,2,,0.428571,0.428571,9,0,2025-02-14 14:57:04.784869+00
825,6,name162,1,5,5,,0.428571,1,3,0.571429,2025-02-14 15:52:38.206269+00
826,6,name47,1,3,3,,0.314286,1,7,0.6857139999999999,2025-02-14 16:22:26.261119+00
827,6,name67,1,4,4,,0.428571,1,2,0.571429,2025-02-14 16:39:21.194391+00
828,5,name47,1,3,3,,0.6333333333333333,0.8428571666666667,15,0.20952383333333335,2025-02-14 17:09:55.897039+00
829,6,name56,1,3,3,,0,1,5,1,2025-02-14 17:12:10.167354+00
830,6,name62,1,5,5,,0.314286,1,10,0.6857139999999999,2025-02-14 17:20:34.070389+00
831,6,name152,1,4,4,,0.428571,1,2,0.571429,2025-02-14 17:22:10.570597+00
832,6,name137,1,5,5,,0.428571,1,2,0.571429,2025-02-14 17:38:42.688051+00
833,6,name51,1,5,5,,0.428571,1,10,0.571429,2025-02-14 17:44:50.645364+00
834,6,name72,1,2,2,,0,0.428571,6,0.428571,2025-02-14 17:58:25.973641+00
835,6,name78,1,4,3,,0,1,9,1,2025-02-14 18:00:29.481518+00
836,6,name48,1,1,1,Feedback did not help to get to the right answer,0,0.428571,10,0.428571,2025-02-14 18:07:47.444734+00
837,6,name70,1,5,5,,0.428571,1,2,0.571429,2025-02-14 18:33:08.239071+00
838,4,name72,1,3,2,,0.592857125,0.7535713749999999,16,0.16071424999999995,2025-02-14 18:37:45.693805+00
839,6,name55,1,1,1,I just cannot understand what is wrong with my answer and the feedback socoles gives makes no sense whatsoever. What do you mean I have to select the columns '*' and '*'??,0.314286,0.428571,7,0.11428499999999997,2025-02-14 18:46:57.934007+00
840,6,name11,1,2,2,,0.428571,1,7,0.571429,2025-02-14 18:47:42.401524+00
841,6,name5,1,4,4,,0.428571,1,3,0.571429,2025-02-14 18:50:28.998319+00
842,6,name58,1,5,5,,0.428571,1,2,0.571429,2025-02-14 18:52:05.812524+00
843,6,name142,1,3,4,,0,1,8,1,2025-02-14 18:54:24.359229+00
844,6,name46,1,2,2,,0.2,1,4,0.8,2025-02-14 18:55:40.358000+00
845,6,name79,1,3,4,,0.428571,1,8,0.571429,2025-02-14 19:01:59.487179+00
846,6,name68,1,2,2,,0.314286,1,4,0.6857139999999999,2025-02-14 19:09:39.201582+00
847,6,name23,1,3,3,,0.428571,1,6,0.571429,2025-02-14 19:13:34.166568+00
848,6,name144,1,3,3,,0,1,2,1,2025-02-14 19:14:55.360691+00
849,6,name148,1,5,5,,0.428571,1,2,0.571429,2025-02-14 19:23:32.508682+00
850,6,name59,1,5,4,,0.428571,1,2,0.571429,2025-02-14 19:30:40.654186+00
851,6,name74,1,5,3,,0.428571,1,3,0.571429,2025-02-14 19:59:25.558580+00
852,6,name82,1,3,3,,0.2,1,10,0.8,2025-02-14 20:08:40.574378+00
853,6,name84,1,2,2,,1,1,2,0,2025-02-14 20:10:19.404794+00
854,6,name165,1,4,4,,0.428571,1,2,0.571429,2025-02-14 20:12:00.580816+00
855,6,name121,1,5,5,,0.428571,1,5,0.571429,2025-02-15 10:06:02.245884+00
856,6,name30,1,5,4,,0.2,0.428571,10,0.22857099999999997,2025-02-15 20:58:30.988409+00
857,6,name85,1,4,4,,0.314286,1,6,0.6857139999999999,2025-02-16 17:31:45.279561+00
858,6,name131,1,1,1,,0,0.314286,6,0.314286,2025-02-18 09:56:24.477770+00
859,6,name73,1,3,3,,,0,0,,2025-02-18 11:10:50.941301+00
860,5,name8,1,2,2,,0.2,0.2,7,0,2025-02-19 06:47:22.176247+00
861,6,name8,1,2,2,,0.428571,0.428571,3,0,2025-02-19 06:49:05.597170+00
862,4,name49,1,4,3,,0.882142875,1,15,0.11785712500000001,2025-02-19 11:59:47.302462+00
863,5,name49,1,2,4,,0.7476189999999999,1,11,0.2523810000000001,2025-02-19 12:07:11.420728+00
864,6,name49,1,2,4,,0.428571,1,2,0.571429,2025-02-19 12:09:03.454832+00
865,3,name166,1,5,5,,0.43428570000000005,1,27,0.5657143,2025-02-19 15:44:22.987119+00
866,6,name167,1,2,2,,0,0,10,0,2025-02-20 07:43:19.492214+00
867,6,name138,1,2,2,,0.428571,1,3,0.571429,2025-02-20 07:45:18.205579+00
868,6,name125,1,1,1,,0.428571,1,4,0.571429,2025-02-20 08:26:45.525618+00
869,5,name145,1,3,2,,0.7476189999999999,1,10,0.2523810000000001,2025-02-20 11:30:02.349585+00
870,5,name37,1,4,1,,0.14285699999999998,1,22,0.857143,2025-02-20 11:30:12.129045+00
871,6,name37,1,2,1,,0.2,1,8,0.8,2025-02-20 11:59:51.216085+00
872,5,name166,1,4,4,,0.45714283333333333,1,22,0.5428571666666666,2025-02-21 00:20:17.518033+00
873,6,name166,1,5,5,,0.2,1,3,0.8,2025-02-21 02:13:39.652658+00
